ID,Answer
0,白色羽毛
1,《T_h志》
2,袁晁
3,柏林W院
4,一局特殊的Q倬
5,耳
6,1884年
7,西h的版D向西U
8,英
9,起到h化κ值淖饔
10,周星Y
11,三中老
12,o障Kh境
13,anticipation，即Ay
14,2004年
15,硫化
16,AR士
17,外面的部份囟比炔亢诵牡牡
18,
19,100公里
20,mZ
21,荷m
22,硫磺
23,塞S反h
24,1861年
25,外交活
26,拉丁文
27,q太基督徒
28,1964年
29,霍克菲德
30,被迫外w
31,《金H》
32,匙
33,永啡u
34,形容一No限制的、自私、而野U的情r
35,1968年
36,新北市
37,小白m
38,]有任何示威申得到局通^
39,南人
40,宋端宗
41,四千名
42,46|年
43,1070年
44,民B老保U法
45,水上蟾d
46,1929年
47,航天技g
48,1932年
49,大型物中心megabox_幕
50,曾
51,自W堂
52,1960年代
53,v山大一世被刺
54,~s市
55,基督教
56,A[阿法版本
57,100f
58,新北市
59,最I行
60,路易十五
61,中民h
62,中生代侏_o
63,阿拉王卡洛斯三世
64,в炅夂
65,意D完全[h朝的控制
66,Y中正
67,|h
68,前三c起落架
69,弘治十二年
70,洲
71,1996年
72,德意志邦共和
73,氦
74,西班牙人入侵{瓦
75,交通\部
76,高大W校主
77,朱少文
78,羽柴秀吉
79,俾斯
80,金泳三
81,1958年
82,「`魂」
83,科港
84,w人
85,四次重差^yg
86,西h元封二年
87,隋缒详後，_始要求周家槠涑
88,佛教
89,1861年
90,S臣秀吉
91,三堑^
92,英
93,大SM\
94,自W堂
95,K利南
96,1934年
97,檬酸咖啡因法
98,1913年
99,1949年
100,大象
101,1915年
102,16世o
103,有z分裂
104,美
105,高R帝收
106,仁祖
107,十
108,佛W
109,_中高r
110,W登堡
111,三天
112,1944年
113,安娜・德・_伏伊皇后
114,咸S帝
115,哈林河
116,孟加拉
117,男中音
118,中原
119,荷mZ
120,威廉・洛厄・普特南
121,主席
122,德
123,寅恪
124,刺
125,受先天文字限制
126,二千九百公尺
127,1939年
128,害怕德在|鹁上]有足虮力付俄
129,福建林家
130,用磉\
131,公民
132,西人h
133,2013年
134,_北
135,查莫洛人
136,杭h
137,K旗
138,38%
139,1941年
140,多腔磁控管雷_技g
141,c石S
142,南越地^
143,1988年
144,上吊方式
145,吉米卡特
146,沈括
147,《布告各省公》
148,阿拉里克
149,德K
150,v
151,工I家
152,1949年
153,最K解Q德}ls
154,清光w十七年
155,雕像
156,防止中共ahB透
157,65000平方公里
158,乙醚
159,唐太宗
160,卡梅克人
161,1969年11月12日
162,63位
163,副大法官
164,古希Dr代
165,R安_Z
166,自政府填海造地
167,Y中正
168,r民
169,W景通公司
170,9月1日
171,1999年
172,《天Q沙》
173,七十年代
174,公元68年
175,w佗
176,莎草
177,岑智明
178,普士大@全
179,公元前362年
180,建力政府
181,28q
182,1950年
183,保加利
184,c燃煤取暖或燃油取暖相比，它的效率比^低
185,10度
186,社h
187,西W
188,波士D
189,1992年
190,下旋球
191,後箱^裁判所
192,明朝
193,文团d
194,2000年
195,2012年
196,道h玉蟾岩
197,第一次世界大
198,森林
199,阿森{女子足球俱凡
200,「社主x市鼋
201,^有消M能力的居民
202,1920年
203,美元
204,多多
205,在列前面拉
206,沁
207,中央情缶
208,艾・史|
209,在r域上W形式檫Bm函式的
210,_始@F本土特色
211,v山大一世
212,威尼斯影展
213,清
214,新北市
215,盟合作
216,甲午
217,克孜勒
218,三分天
219,好在v史是人民的
220,美^
221,_中市精密C械科技新@^
222,西部地^
223,1982年
224,1428年
225,天子
226,格拉赫峰
227,莫斯科中山大W
228,美l明家
229,2006年
230,]有
231,《人w器官移植l例》
232,1262年
233,樵黾用住⑻堑绒r作物a量
234,三倍
235,耗M了核心的淙剂
236,UL
237,2016年
238,1972
239,n
240,「第一所美式大W」
241,X土V
242,f神R
243,布r族
244,黑死病
245,2007年
246,查普曼
247,髟谂c比提尼王的性行橹刑於被拥匚
248,2009年
249,洛杉湖人
250,溥x
251,副主席
252,Q倬直囟ㄊ稻
253,V|省政府委T
254,n[
255,1951年
256,hZ拼音方案
257,1984年
258,高架站
259,下_克森邦
260,法m西第二帝
261,菲律e
262,全偌o
263,提高B意R的掌握
264,哥白尼日心f
265,舛鹊
266,光w
267,明朝
268,1848年
269,1954年
270,1997年
271,共同民主h
272,《南A早蟆
273,可以麻w嗅X神
274,佛像
275,南
276,交通基建
277,步兵
278,日本肥前平u
279,天狼星在|方地平的出F
280,自律心肌胞
281,1961年
282,德Z地^
283,xuC
284,1237年
285,|_R
286,恭帝
287,德
288,美律f
289,1654年
290,唐代
291,美川王
292,胡安・林
293,日本
294,1998年1月1日
295,第一星族
296,司R休之
297,}x子
298,383年
299,_{迪尼W
300,⒗沃
301,火山活
302,利W三世
303,拉丁字母
304,提升wC的w行安全
305,丁基u基甲苯
306,中大
307,斯德哥摩
308,第三o中新世
309,中A民
310,高r期
311,靳i
312,1958年
313,《R德里h定》
314,1083
315,曹魏故都智慧之旅
316,德港
317,布什S克革命
318,金本位制
319,沁
320,t色
321,1928年
322,商品期
323,十多
324,300美元
325,钣铞
326,F州省最大
327,元世祖
328,混合恿ψ孕熊
329,W
330,Ъ撅L夂
331,
332,目前]有^察到任何Z言[UNK]以力道^分不同o音
333,朱一F
334,生a
335,失一分
336,|炮
337,1961年
338,1980年代
339,P・艾S
340,[UNK]人
341,1980年
342,希伯砦
343,第四心音
344,2010年
345,武h
346,1868年
347,托土拉u
348,中A民
349,敦大W
350,1970年代中期
351,仁波R峰
352,1973年
353,突厥
354,三菱重工IL崎造船S
355,「南斯拉夫社主x邦共和
356,民主制度的恢
357,硫化物
358,ΜF代日本人的z饕蜃拥难芯
359,忽必烈
360,中
361,2000年
362,郧
363,W地利
364,1955年
365,n
366,S京戈_u
367,1956年
368,史都A中校
369,1910年
370,突厥
371,前後纱瓮⒚晒派剃K侮辱蒙古使臣
372,1988年
373,2011年
374,通^非暴力方式反Νh境破男椋}У焦前q
375,巴的摩市
376,中A民政府
377,社F部
378,J橐恋辖z分散了托金WI的注意力
379,子]件
380,孔子
381,上海歌o念V
382,2005年
383,中μQ犯人一直袢”Ｃ艿拇胧
384,班八世
385,60年代
386,p循h泵功能
387,1809年
388,仁霆M小而o法l展
389,民32年
390,檠杆偃〉梦骶倮
391,幅T|
392,伯克制
393,受到lC的效率的影而^差
394,家起源f
395,路易・巴斯德
396,台中w@^
397,宣y三年
398,1991年
399,三史
400,第二次工I革命
401,突厥Z
402,拉海{
403,s翰・坎
404,8小r
405,百天后
406,民16年
407,立V|大W
408,伯拉罕T教
409,六|七千多f美金
410,妖怪
411,＜
412,低地K格mZ
413,空
414,非常混y
415,阿泰Z系
416,皇太O
417,信
418,5000至7000名
419,准
420,|量
421,科技
422,祖
423,6威尼斯人
424,委T
425,15米
426,K丹
427,T尉
428,八公分
429,2020年代中期
430,a星
431,那拉氏
432,辛酉政
433,~
434,y一企I
435,2456293.521
436,生物W研究
437,\
438,O中山
439,Z取了彼得格勒的政
440,德工I
441,九一八事
442,1978年
443,天皇
444,731美元
445,蒙德S
446,嘉x市
447,ΡＷorI生a
448,肺呼C制
449,五角星
450,波斯_珊王朝
451,船舶
452,阿29
453,比普通自行省力、舒m
454,中共ah中央政治局常瘴T
455,1945年
456,一l蔚闹本
457,北京路公交道上的由昆明公交和昆明城巴共同\I的236路
458,盟旗制
459,_南州
460,布朗茜
461,40度
462,一次大鹌陂g
463,大M男子未虮荣
464,中A人民共和
465,保守派
466,W景公司
467,《全唐》
468,1912年
469,1982年
470,七年
471,W地利
472,室
473,奕迅
474,侨B
475,1917年
476,RP武
477,1月8日
478,呃淄Р筷
479,1301年
480,多h制
481,民15年
482,80年代
483,公元前第一千年的中期
484,|xr期
485,黠w控
486,光明星4
487,踝e克人
488,2555公里
489,第一次共
490,121年
491,S德・加姆_胡季阿
492,以避免造成路口交通不
493,L程巡弋w
494,荀子
495,清朝
496,7年
497,p北合作交流平台
498,鹘y的o定推向o不定O，提高w可用升力和wC的\幽芰
499,中政法大W
500,黛茶
501,二r期
502,c}
503,江r代
504,民4年
505,西格里
506,1992年
507,政
508,根
509,太白
510,朱棣
511,十|n
512,低x
513,小xe^制
514,科索沃
515,「反YaA自由化」\
516,自由放任
517,工I生物技g
518,四年
519,段祺瑞
520,斯伊格D
521,溪南
522,1925年
523,
524,高速l展
525,千分之三
526,後座雷_官
527,1975年
528,淞蛩
529,
530,榱耸咕L面更容易
531,hM
532,在同一生物w中可能同r有雄性及雌性的生殖器官
533,建O
534,《中A民Rr政府M大V》
535,港式酒
536,社政治\
537,帕吉勒提河
538,「西南美的地方」
539,「天」的至高o上
540,__
541,2013年
542,林B良
543,1955年
544,多多\局
545,公元前一世o
546,
547,1910年
548,老虎
549,狄拉克
550,唐太宗
551,健康影
552,1956年7月
553,老人星
554,中生代
555,伊齑目立大W
556,王罕
557,23406人
558,1789年
559,
560,_呈∨_北市
561,朝r日治r期
562,
563,R[UNK]
564,兵官
565,《金H》
566,哈大客\＞
567,hL魏
568,科W研究
569,反文化\
570,英
571,唐文宗
572,Z炸C
573,都卜勒效
574,x大利
575,中世o
576,放
577,ⅡE
578,18
579,至元二十九年
580,保守派
581,南海
582,陶瓷
583,1980年代
584,法
585,西佛_里_
586,1997年
587,A路
588,9年的免M教育，其中6年小W，其後是榍3年
589,ucla
590,1959年7月
591,101公里
592,赵撼h
593,20倍
594,讨共和
595,1943年
596,全面性
597,M位
598,俾邦政府之嗔
599,n
600,氯仿
601,土耳其人
602,l危物N
603,越
604,公民
605,可再生能源l
606,O端大性夂
607,金A
608,1929年
609,法信
610,笛卡
611,1897年
612,中山盛a海}
613,A北k事
614,市龇治
615,上海南站
616,2006年
617,家庭喜∑
618,支持者
619,男子
620,反建文帝削藩
621,建BW院
622,朱熹
623,自由民主h
624,鞑ド情
625,植物
626,哈R客\＞
627,第五^
628,梵蒂的武b事力量
629,1983年
630,h武帝
631,P|地方
632,要求K方撤
633,巴黎}母院
634,西方文明_始n舫r半u
635,|x常[UNK]
636,1936年
637,A言
638,非商用
639,五桂山
640,枇杷
641,嘉x市
642,rI
643,29
644,民31年
645,10月23日
646,《金H》
647,固有~
648,第二次世界大
649,5000
650,君士坦丁堡
651,2015年年底
652,古hZ
653,22年
654,阿列克修斯・杜卡斯
655,霍Z里跛
656,喜R拉雅山}
657,1937年
658,1964年
659,19世o
660,油忾_l
661,100公里的高度
662,明孝宗
663,阿D什
664,第八^
665,1925年
666,照射紫外
667,九一八事
668,春秋
669,Υ笞匀坏某绨
670,R祖
671,1899年
672,姚安h
673,尼布楚ls
674,中央C
675,利W三世
676,「殖民主x」
677,W德
678,30米
679,2000公厘
680,自主性
681,克R④
682,赤城政府街1
683,wS心包
684,_非~
685,潘普洛{
686,L白山|天然V泉
687,1848年
688,《_掣志》
689,埃及
690,第八位
691,6比6r
692,民39年
693,日本B地活版印刷所
694,芤ls
695,超新星
696,全斗
697,2007年
698,dr.rufusb.vonkleinsmid
699,索R利政府司法系y
700,385年
701,制}
702,丁日昌
703,n
704,1980年代
705,何
706,1925年
707,印度河流域文明
708,2009年
709,湘西土家族苗族自治州
710,S
711,少
712,北魏孝文帝
713,西王李定
714,22l
715,公共健康ctWI域
716,《新基本法令》
717,1962年
718,洪武三十一年
719,共ah
720,W匈帝
721,突厥汗
722,白矮星
723,咖啡因
724,司R元@
725,A梯
726,漳州人
727,6小r
728,1651年
729,法
730,误K
731,90年代
732,金日成
733,第5
734,鄣氯A・芽-史密斯
735,西班牙瓦西
736,1787年
737,王保保
738,统
739,1898年
740,守f派
741,古巴
742,端敬王后
743,中生代
744,s瑟夫史_林
745,中A人民共和
746,一直S持h的高度集
747,抑制人口增加
748,Kh|
749,全人民代表大常瘴T
750,福建社F
751,年pa星
752,Φ谝黄谧魉稻增a10％
753,A人富有、加上不少A人A向中共，各橥菩蟹垂舱策
754,2.70%
755,日本
756,分子炔
757,r卑部落
758,法m西人
759,1918年
760,1939年
761,|三省巡使l旅旅L
762,巴黎ls
763,1970年
764,威斯康辛大W迪d分校
765,乾燥
766,麻赫穆德・喀什噶里
767,帕拉多霍祭M雕
768,Y格制
769,周O淦
770,民16年
771,13世o
772,「三O之y
773,周恩
774,R略
775,至元十三年
776,磷化
777,1970年代
778,D西族
779,}餐o念f
780,非暴力`空腹死刑
781,三志
782,地心f
783,L沙太守
784,徇tF象
785,1978年
786,上海
787,比利r
788,饬蛩
789,J槊恳环N事物都是由原子所M成的
790,「兄弟的盟s」
791,2011年
792,硫
793,1979年
794,x大利
795,rI
796,卡拉恰伊湖
797,宋理宗
798,汪_-阿m王
799,_北
800,共和h
801,日本
802,二鸬谋l
803,1976年
804,上海
805,1949年
806,麻省理工W院
807,A社
808,1920年代
809,部局
810,1449年
811,1986年
812,隆武帝
813,第一次世界大
814,O叔敖
815,《斯{格的奇妙大》
816,p汗制
817,78q
818,半事管制
819,中A全w育
820,a星自D
821,人文P
822,1972年
823,胎法
824,y混
825,中共ah解放
826,扶N王子朱蒙因c其他王子不和，逃x夫N到G江沿岸的卒本扶N
827,人民l繁的w移
828,公元7世o
829,境外落地的信施地面l道干_
830,造成政府的L期不定
831,匈牙利
832,1979年
833,高句
834,K^
835,「西^T粲
836,a星
837,1940年
838,妖怪W
839,1987年
840,自BH
841,汾河
842,Ph卿
843,玉麟
844,平
845,主序
846,_
847,整站w都位於天蛏
848,1955年
849,蒙古人民共和加入合的部分行使否Q啵理由是全蒙古是中的一部分
850,金石K用r代
851,天皇
852,朝r白^山
853,德人
854,2013年
855,_R帝
856,怏w
857,第一目粽
858,生存中自由淘汰的Y果
859,1987年
860,n
861,王孝通
862,哈比利R{
863,船L的女海曾在布里斯托中央D^任D管理T
864,阿瓦阿
865,R麒
866,基因特|
867,印地Z
868,焦_Z・布Z
869,乾隆
870,L高s八公分
871,伏期
872,民43年
873,地|W科I
874,中科W技g大W副校L
875,咖啡豆
876,狄W多西
877,2016年2月10日
878,n高F
879,美西
880,尊h思想
881,蒂_
882,宙斯
883,供服者^多
884,「1910年革命」
885,洛邑
886,逐水草而居
887,杜慧度
888,政改革
889,英
890,斯塔福德郡
891,元熙元年
892,⑸倨
893,1922年
894,小W升初中
895,代表著一切非理性力量的合
896,|德使^
897,冷r期
898,1970年
899,a星骸
900,@微注射
901,R可波_
902,新_R
903,上海F路局
904,x岸人民
905,榱舜_保比利r的中立和So1839年署的《敦ls》
906,德Z}
907,使用精子
908,速度
909,士兵
910,120天
911,1950年代
912,文团d\
913,行椴zc
914,文团d式
915,淮安
916,1590年
917,1990年10月3日
918,威廉港
919,柏林HV播台
920,十|光年
921,春秋r期
922,使]A通信十分有效地l]效能
923,媒wS基
924,v史
925,1949年
926,67
927,10月24日
928,1884年
929,俄
930,大c油田
931,私立大W
932,hZ瓦
933,早期nAS的聚集所在
934,李雄
935,Ss茂
936,汪大Y
937,英Z
938,[UNK]稻
939,宋真宗
940,120%
941,利m・海沃德
942,9月
943,其副汗或小汗多в幸晾的的Q
944,唐德
945,路易十四
946,n
947,0.07太|量
948,}南人
949,民28年
950,李ㄖ
951,公共汽
952,核|
953,巴甸
954,|正教
955,八角鼓
956,迦太基式的和平
957,文化大革命
958,1642年
959,徐d弼
960,F由
961,匈奴人
962,芝加哥大W
963,造船I
964,射速慢
965,~格威森林
966,2012年
967,拿破
968,戴克里先
969,166年
970,太Ox
971,市鼋
972,1961年
973,v山大六世
974,1871年
975,悼念周恩砑
976,20世o60年代
977,1958年底
978,一些家窈h分治的制度
979,涵元殿
980,杜甫
981,h文
982,12次
983,科W社W
984,1138公
985,《中A人民共和村民委TM法》
986,荷m
987,合
988,成功Z得影帝最佳男主角座
989,汝山^
990,大h
991,白准o缃^事件
992,模特
993,端邪f
994,1258年
995,元朝
996,1929年
997,1972年
998,新式Fu蒸汽船
999,文森特
1000,反h境保o主x
1001,迪d
1002,1946年
1003,Kt
1004,外R
1005,1991年
1006,甘迪政府W院
1007,太
1008,修道主x
1009,1999年
1010,v山大h密D
1011,中
1012,1960年
1013,瘴T委TL
1014,~s尼克
1015,w戳
1016,|校^
1017,100f
1018,第二代
1019,匈奴
1020,9月6日
1021,君主制
1022,工程化核酸酶
1023,伊_克二世
1024,y
1025,外部刺激
1026,克阿瑟
1027,_潮旧碡政的}
1028,兼武h行I副主任
1029,躲避y
1030,朝r半u
1031,35.3|nA
1032,狄拉克
1033,保o人民
1034,1823年
1035,o音
1036,三人F
1037,f石器r代
1038,166年
1039,荀子
1040,集F
1041,半日制W堂
1042,家I人出L^程中，如果遇到擂问录，通常裼面D回直播g，以主持人自自答的形式淼却擂问录
1043,鹑
1044,nZ
1045,敦霍洛威
1046,佛教
1047,K拉
1048,1964年
1049,印度洋
1050,S持F
1051,挪威
1052,南北
1053,事介入失
1054,南Ah
1055,英
1056,李
1057,在道路o需道行上的
1058,帝位世u
1059,1060公
1060,1941年
1061,唐史W家
1062,⒈
1063,c元
1064,北平靖公署主任W良D任事委T北平分副委TL
1065,英美法系
1066,石油危C
1067,唐朝
1068,W斯{
1069,1920年
1070,硫代硫酸氨
1071,《金N鳌
1072,89f人
1073,1912年
1074,1627年
1075,^域性污染
1076,阿燃舆_u
1077,唐生智
1078,夏季
1079,新北地方法院
1080,晌淮渭I人
1081,6世o
1082,24所
1083,甘C省
1084,I先P
1085,1所
1086,x大利耶d
1087,一
1088,破四f
1089,三次
1090,榱双@得大地^的v牧
1091,梵Z
1092,郭松g
1093,爆炸性
1094,南省第二殖督k公署
1095,明朝r期
1096,1968年
1097,多功能性
1098,1932年
1099,吉田定房
1100,世Q恭
1101,夂蚍诸系y
1102,二
1103,募兵制代替徵兵制
1104,
1105,汗位取得不合法
1106,W|・德拉_什
1107,海旁|
1108,帕塔普斯科河
1109,1945年
1110,x熙十一年
1111,r研l商
1112,赫辛基
1113,《男人四十》
1114,_R帝
1115,1846年
1116,辛亥革命
1117,史夔
1118,合朱」
1119,阿希佩戈拉公
1120,阿拉伯半u
1121,v山大一世
1122,加州尤巴城
1123,君主
1124,天下人
1125,日本
1126,尼古拉斯・尼葛洛帝
1127,朱序
1128,石油危C
1129,教育aI化
1130,1992年
1131,康拉德・阿登{
1132,山|半u
1133,}W古斯丁
1134,大s公元185年
1135,中自治M
1136,大正天皇
1137,西^D^
1138,北R
1139,足利xx
1140,
1141,中A人民共和l生部
1142,人人平等
1143,斯拉夫人
1144,第4
1145,邦制
1146,1807年
1147,波多黎各
1148,瑞士K黎世州
1149,七月初四
1150,德
1151,76g
1152,民19年
1153,50元
1154,「新_橙朔F」分散了泛民h支持者的票源
1155,2次
1156,免耕秧法
1157,七
1158,周恩
1159,卡加梅
1160,93位
1161,悉殷w
1162,5月17日
1163,辗治龉ぞ
1164,武力
1165,海少尉
1166,德川家康
1167,空射火箭
1168,1836年
1169,⒗
1170,上海
1171,德里克・_勃
1172,伊斯m教
1173,以和平方式抱住大碜柚股林砍伐
1174,哥廷根亨德H音饭
1175,昆高速公路
1176,夜e10c
1177,法
1178,W德
1179,本D
1180,通州家
1181,青春钪酒
1182,《血盟救歌》
1183,V州
1184,\器
1185,楫r膝下o旱哪闷生下一^承人
1186,唯泰主x
1187,1993年
1188,《海{砂斗召Q易fh
1189,中路
1190,自由主x
1191,1874年
1192,每一波周期因而都可以有一定盗康睦wS同步l放
1193,卡斯特拉
1194,李克
1195,河|道
1196,W洲f
1197,希波丹姆
1198,稀洳菰
1199,日本
1200,成榭谷彰褡褰y一鹁的具wM形式
1201,63
1202,46公里
1203,十六世o
1204,帕多瓦大W
1205,八千多年前
1206,吉隆坡
1207,1889年
1208,不承家x役
1209,l展局
1210,是最嘏的
1211,北京台
1212,舟山撤退
1213,十月革命
1214,德
1215,美大Wf
1216,公共教育M
1217,日本P|
1218,_京
1219,美大lr期
1220,榱私Q元成宗r期的政危C，元武宗O置常平}以平抑物r
1221,阿列克修斯四世
1222,政府
1223,Y介石
1224,全印穆斯林盟
1225,受通古斯人毫
1226,喇嘛教
1227,`}r代
1228,太圈
1229,建O中特色社主x
1230,⒃
1231,|正教
1232,法m西王教
1233,佛教
1234,三代
1235,|正教
1236,_北市
1237,小平
1238,南斯拉夫
1239,武陵
1240,⑾x
1241,法大革命
1242,自由nh
1243,否Q
1244,二十世o
1245,eOM攻
1246,加拿大
1247,1926年
1248,「x大利汽之都
1249,火箭lC
1250,C械T控通道
1251,在道上恿熊
1252,}讨卫丁文W校
1253,23年
1254,1948年12月1日
1255,武宗系
1256,私兵制度
1257,魏博拉R比民_行I工
1258,文章W府
1259,繁衍後代所需基因物|a生的方式
1260,非洲
1261,州海{
1262,安德s翰d
1263,普林斯D大W
1264,83年
1265,~台e^
1266,伊_政宗
1267,量子物理W的M展
1268,民5年
1269,中yO
1270,潘章
1271,班苊鳌じ惶m克林
1272,高雄
1273,第二代
1274,日美神奈川ls
1275,北京
1276,o晶B
1277,哈利里德
1278,降低wC被y到的C率、距x和避免被持m追的可能
1279,柏拉D
1280,波m人
1281,907事件
1282,英祖四年
1283,改良式老
1284,『那一夜，我f相』
1285,狄园偃f的人在家中、俱凡恐小⒕W路上以通西洋棋或比形式弈。西洋棋的棋P由64
1286,1860年
1287,全球YW
1288,八月
1289,行橹髁x元素
1290,V州
1291,苋稹ね斯特
1292,粳稻
1293,挪威
1294,1800
1295,中]政集F公司
1296,承Zo予d、泉、漳、潮四郡榉獾
1297,我是一民族！
1298,w徙自科基斯的裔安{托利人
1299,福uh津地^
1300,1913年
1301,土地N售
1302,阿拉曼人
1303,蒂夫・U默
1304,天花病
1305,牡丹峰F
1306,印度
1307,3座
1308,周敦U
1309,下_克森邦
1310,朱利跛埂P撒
1311,豫
1312,1919年4月13日
1313,1133515人
1314,《大越史全》
1315,排匙
1316,牛津大W
1317,普x制度
1318,高宗
1319,2015年
1320,1969年
1321,民主h
1322,三合院的前院
1323,九年一之V要文句太含糊
1324,488年
1325,病B徒
1326,全人民代表大
1327,外太空
1328,S中理
1329,扶助弱小民族使之自治自Q
1330,西班牙
1331,1905年
1332,美
1333,F
1334,拿破
1335,V|省
1336,}母大W
1337,_R法
1338,用心理W家
1339,希D
1340,拉丁字母
1341,《中俄密s》
1342,詹姆斯・史都A
1343,p重籍
1344,克拉克望hR
1345,生物|
1346,秘
1347,就地掩埋
1348,66N
1349,比
1350,回族
1351,F胞
1352,人口多
1353,威廉二世
1354,遵xh
1355,《我於青春o悔》
1356,君士坦丁大帝
1357,美家草地W球盟
1358,8月26日
1359,希D
1360,FC
1361,外交手段
1362,1887年
1363,2008年
1364,阿基米德
1365,2010年
1366,1918年
1367,Υ碳さ幕
1368,宗之
1369,荷m|印度公司θ毡灸桓散播西班牙企D覆德川幕府\
1370,「朝r王朝
1371,2012年
1372,生物恿W
1373,印度洋暖饬
1374,州u
1375,中不在外蒙v兵、殖民、O官，承J外蒙自治，承J《俄蒙fs》及其l，Q回俄承J中在外蒙的宗主
1376,耐高
1377,民十八年
1378,州u
1379,一f兑槐嚷
1380,25
1381,|北停f定
1382,1996年
1383,1985年
1384,4世o
1385,表示自己不受中央的指]管，往往以x裥叛鎏熘鹘盹@示自己的立自主
1386,公元前三世o
1387,港F九痴
1388,1980年代
1389,1997年
1390,牛津大W
1391,折下吉延
1392,越南
1393,1914年
1394,h提供髯g服
1395,2300多N
1396,δ茉吹男枨蟪掷m增L
1397,女性
1398,40倍
1399,1958年
1400,白色
1401,1856年
1402,忽必烈
1403,反革命事件
1404,夫人王光美
1405,理察・科伯恩・克诹
1406,|德
1407,1624年
1408,15%
1409,道格拉斯
1410,奈及利
1411,洲
1412,2000年
1413,重力作用
1414,桑
1415,大量|W和波_的海沿岸的前德疆土被逐的y民在下_克森邦落_定居
1416,2013年2月28日
1417,1973年
1418,取民族嗬
1419,明治大W
1420,哲W家
1421,10f人
1422,惠宗
1423,抗佝E病
1424,R-玻里尼西Z族
1425,45%
1426,A算限制
1427,意R型B
1428,K美人
1429,元代
1430,43人
1431,限制性消化
1432,⑹
1433,超模特
1434,
1435,志M尼
1436,中共ah
1437,《F是怎成的》
1438,1994年12月1日
1439,最年p的得者
1440,a克教
1441,1986年
1442,《西部_拓史》
1443,h古百越族
1444,省公@
1445,米高彭博
1446,伊斯m教
1447,哲布尊丹巴
1448,明太祖
1449,v史博物^
1450,阿燃舆_u
1451,翼身融合
1452,外不可能介入
1453,朝r民主主x人民共和
1454,下与A
1455,公共救
1456,非洲
1457,大W
1458,九
1459,V州
1460,佛教
1461,朝
1462,11000g
1463,有色人N
1464,南斯拉夫共ah
1465,hZ威
1466,中央台高清C合l道
1467,石亭之
1468,《K蒙修好ls》
1469,主w史W
1470,球褶
1471,1662年
1472,1884年
1473,第二aI
1474,俄_斯
1475,伍斯特
1476,整表面e
1477,大量的中|W地^的共ah适Я苏
1478,h潮
1479,新
1480,正德十一年
1481,瘟疫四Z
1482,法
1483,喜R拉雅山
1484,英U止分孟加拉
1485,沙俄
1486,200f立方公尺
1487,黑江
1488,1992年
1489,北角
1490,新界
1491,Y中正
1492,大和
1493,佛教
1494,500hz以下的音基底膜的影
1495,o性生殖
1496,外星人入侵地球
1497,爆l
1498,巴塞隆{W\
1499,EP
1500,阿拉巴R州
1501,z草祭
1502,f4u
1503,600年
1504,橛接2010年上海世界博[的召_
1505,1980年
1506,1958年
1507,俄_斯邦
1508,南方墨c法
1509,路易斯一世
1510,《r代》sI
1511,O嘀髁x
1512,《布列斯特-立陶夫斯克ls》
1513,路易・勒沃
1514,加的斯
1515,後燃器
1516,曼Z球
1517,|
1518,海煤
1519,自w授粉
1520,1929年
1521,想取快X
1522,徐家R}依{爵堂至今留存。作樯虾＝^的主教座堂耶d以徐家R
1523,比w
1524,忽必烈
1525,福建人
1526,南斯拉夫
1527,《塘沽f定》
1528,跆m醯
1529,1897年
1530,巴拉克・W巴R
1531,2008年1月27日
1532,榱私档统杀
1533,@些Q策局的重M方式
1534,杭州aC
1535,匈人
1536,康停f定
1537,管理所傩姓^域的地方官T
1538,d王
1539,l奕信
1540,非W桌锏缀
1541,2009年
1542,全重c文物保o挝
1543,忽必烈
1544,茶峒
1545,稀薄的埃W大
1546,惠金斯原理
1547,黑江
1548,波士D理工
1549,赡
1550,2010年
1551,榱吮沆豆芾h地
1552,掏刑
1553,家^密
1554,趵镅盘K_④
1555,}西T主x
1556,日治r期
1557,蔡
1558,德
1559,《刑部大理寺睢
1560,澳大利新南威斯州
1561,相於太\
1562,}方・沙勿略
1563,_R共和r期
1564,G色
1565,n
1566,{屋
1567,_伊
1568,85天
1569,五
1570,三
1571,15世o
1572,文喜∑
1573,㈢
1574,高血
1575,北燕
1576,《中A人民共和全民所有制工I企I法》
1577,D平衡人和各N自然系y的PS，能蜃各成分取得合m的可持m性l展地位
1578,都市再生
1579,h境保o主x
1580,773年
1581,讶^
1582,七g
1583,民g反不佳
1584,光w十年
1585,1970年代
1586,希DZ
1587,西班牙
1588,神源性
1589,加拿大
1590,七
1591,安定
1592,德
1593,乾旱
1594,《鹩》
1595,新北市
1596,甲午
1597,政府袢》垂泊胧
1598,1910年
1599,拉丁字母
1600,1935年
1601,四角az字法
1602,8.60%
1603,浙江海商
1604,巴西
1605,W洲盟委T
1606,增加西鹊目绯潭
1607,德
1608,K
1609,七年
1610,100米
1611,咖啡因中毒
1612,民政府
1613,h江
1614,青光眼
1615,狄托主x
1616,W嗖
1617,1984年
1618,射嗬m器
1619,5位
1620,芽孢炭疽U菌
1621,1945年
1622,北宋
1623,米高梅
1624,1988年
1625,「」
1626,英
1627,耶d
1628,一鹎跋
1629,FC
1630,伯
1631,《x勇M行曲》
1632,棉花
1633,卡洛・埃R努埃R一世
1634,R知章
1635,清初犯人流放之地
1636,h人不嗲灼狡易逋恋
1637,主序前星
1638,加湖
1639,厄德
1640,_R共和中後期
1641,r儒教d盛
1642,「危坐二堂，^o稚」
1643,克里斯蒂安尼
1644,o限制艇
1645,哈大客\＞
1646,С＞G~林
1647,1947年
1648,普法
1649,博尼法斯二世
1650,s翰・莫根
1651,耐腐g性
1652,1835年
1653,咖啡因
1654,「革命外交」
1655,1972年
1656,用於保l大都
1657,汪精l
1658,w育部
1659,涡崩饩w
1660,直系y
1661,水牛城勇士
1662,O中山
1663,七月十一
1664,格林威治
1665,殖民政策
1666,xx染色w
1667,咖啡俱凡
1668,16世o
1669,潮竦拇箨性夂
1670,配子
1671,q太人
1672,孟郊
1673,德克_斯州石郡
1674,皖系y
1675,清V|水提督
1676,1965年
1677,1967年
1678,「W古斯都
1679,哲布尊丹巴
1680,丁[UNK]
1681,制政策
1682,1861年2月9日
1683,c3月19日
1684,h字
1685,安托f・拉瓦a
1686,伊斯m教
1687,流wo力
1688,宋真宗
1689,⒆h院
1690,重要的源
1691,R安_法郎
1692,皖浙M立F
1693,德川家康
1694,l
1695,世族
1696,1853年
1697,~
1698,民37年
1699,1270年
1700,恿ο到y
1701,三
1702,中
1703,清帝
1704,T葛亮
1705,江河逐
1706,2015年
1707,21473平方公里
1708,鹘淌
1709,ZL
1710,合世界庀蠼M
1711,衣服布料
1712,海河流域
1713,蒙哥
1714,700家
1715,中溧茶~
1716,全市G化比例高
1717,要求起兵造反
1718,澳大利
1719,和林哈拉
1720,5月20日
1721,6730年
1722,1962年
1723,青u海基地
1724,姑臧
1725,O置mars系y可以M行B票的易委站
1726,作霖
1727,波mM入rB
1728,西方[客
1729,W膜神胞
1730,黎元洪
1731,于P至
1732,中A民台
1733,第二次世界大
1734,1961年
1735,白光
1736,\
1737,1966年
1738,奈特・克米m
1739,o佛像r代
1740,1977年
1741,白色
1742,自由合PS
1743,三次
1744,英
1745,一些局J定的特殊群w及其家人
1746,《一F行各道地方行政官dM令》
1747,建B於高山上的城堡
1748,1948年
1749,蒸汽膨
1750,隋帝
1751,石碇^石碇里
1752,日本
1753,美心KW
1754,大英帝
1755,八篇
1756,美
1757,_
1758,路易
1759,合作派
1760,思X失{症
1761,工I革命
1762,1
1763,1990年代
1764,阿弗剌昔牙卜
1765,24%
1766,高
1767,後F代主x
1768,1828年
1769,第三名
1770,W生仲裁uh委T
1771,西安招待所
1772,1349年
1773,斯芊疬d
1774,新春期g
1775,]值嘶`
1776,赫_尼姆斯・沃夫
1777,1989年
1778,宙斯
1779,r耕
1780,俄革命
1781,榱酥坪獾萝
1782,王猛
1783,西洋棋局
1784,澄颐盾
1785,立性
1786,西塞_
1787,0.01
1788,湖熟
1789,英
1790,木星
1791,圩滩《
1792,1993年
1793,外蒙古
1794,天
1795,跬邪
1796,法家
1797,五省
1798,通古斯地^^於偏h
1799,安大略湖
1800,羊肉
1801,世宗大王
1802,ⅡE
1803,⒉糠趾铀入a河\河
1804,p重R率制度
1805,美
1806,克林
1807,]有F市ra原t
1808,七q
1809,法
1810,1928年
1811,5
1812,6500k
1813,曼哈D
1814,清咸S年g
1815,君士坦提跛
1816,外省人
1817,生人
1818,甲醇
1819,太祖王
1820,牛b列印}
1821,英
1822,[遁l里，K生不意出仕
1823,中A人民共和
1824,1590年
1825,1941年
1826,胞核
1827,在毫^高的情r下安全y放p
1828,俄l生十月革命
1829,俄_斯
1830,⑸倨榱司So毛的嗤，仍然⑴c到以空前的高{呼nγ的人崇拜的浪潮中
1831,幅T|，xe人党^三百f
1832,1943年
1833,大多多地^
1834,文化
1835,超^9倍太|量
1836,赫伯特・讨巍ね斯
1837,的硫是S色的晶w
1838,Ya表」
1839,德川家康
1840,日本
1841,?14.2等，至少比太亮s5000000倍
1842,w以位居台潮辈
1843,北・n」c「南・n
1844,1789年
1845,下_克森邦邦政府
1846,泰勒斯
1847,17.50%
1848,其㈧24小r茸匀R茵河l尤肭
1849,U_廷
1850,杜林
1851,金合g
1852,13倍
1853,S埔校
1854,《t簟
1855,一百多年
1856,1970年
1857,南
1858,14世o末
1859,子]票
1860,儒字
1861,十字洗劫君士坦丁堡
1862,尚比
1863,俄
1864,成熟A段
1865,]T思^
1866,吠陀梵Z
1867,1950年代
1868,_伯特・波x耳
1869,・f迪加
1870,托木斯克州
1871,塞柱人K丹
1872,民用航太
1873,706f
1874,一夫多妻制
1875,伊莉莎白
1876,x大利
1877,2000年
1878,1932年
1879,天的A梯
1880,路易-菲利普
1881,阿布巴卡
1882,台北曲F
1883,《古・格m特・_希卜》
1884,1865年
1885,翟中和
1886,1924年
1887,德政局
1888,9%
1889,钣铞
1890,法
1891,詹姆斯・史都A
1892,周恩
1893,不接受
1894,光化WF
1895,{I
1896,h
1897,洛厄天文台
1898,椅W球比
1899,三名
1900,中日甲午
1901,金T
1902,饣F路
1903,《Y治通a》
1904,2007年
1905,I部
1906,1982年
1907,多多
1908,大W生的城市
1909,s翰・洛克菲勒
1910,1960年代
1911,1815年
1912,埃德亍す勃
1913,胡季[UNK]
1914,有z分裂
1915,h制
1916,2005年
1917,|西伯利喇嘛教t例
1918,莫斯科
1919,五分之一
1920,《英Z~典》
1921,魔F世界
1922,克威路
1923,《}拿河之稹
1924,日本
1925,它的火山放的硫造成的
1926,俄_斯帝
1927,水T事件
1928,中山
1929,a山
1930,1997年
1931,托金
1932,d之地
1933,_放市龅男枰
1934,阿伊努人
1935,1919年
1936,五倍
1937,L力l
1938,艾森豪
1939,3400f
1940,W球正拍羟
1941,帕西瓦・洛厄
1942,二二八事件
1943,t色
1944,澎湖
1945,硫酸
1946,儒W
1947,1998年
1948,民r期
1949,毛|
1950,1950年
1951,高射的h境
1952,S基百科
1953,二氧化碳
1954,1939年
1955,清朝末年
1956,城堡
1957,哲W原理研究
1958,1997年
1959,第六次全人口普查
1960,北大西洋
1961,1455年
1962,f超
1963,代表宇宙秩序
1964,鹘y音
1965,榱颂岱姥嗤踔\反
1966,法
1967,保加利
1968,要猿帧更h的IА⑷嗣癞家作主、依法治」三者有Cy一
1969,北非的希波大
1970,中A民政府
1971,1834年
1972,淋巴液
1973,嗔P出征，K全征埋y」
1974,1901年
1975,十八q
1976,近年
1977,rv新年
1978,阿布海汉r代
1979,o急能量a充
1980,1312年
1981,1970年
1982,30℃
1983,以色列
1984,希洛克勒斯
1985,
1986,θ湛
1987,1989年
1988,元武宗
1989,天文W家
1990,毛|
1991,中
1992,H非政府M
1993,2014年12月
1994,中部科W@^
1995,台北市立w育
1996,曹h金
1997,冷鹌陂g
1998,1893年
1999,收容遣送制度
2000,中民h
2001,《一N美味》
2002,狄拉克
2003,金SM
2004,移民
2005,水
2006,中青年h
2007,矽燃^程
2008,⑸倨
2009,瑞士洛桑H管理W院
2010,即捕即解施前
2011,著
2012,覆中共政府的政治目的
2013,丹尼W特加
2014,缀W
2015,1998年1月1日
2016,L之度
2017,U族事站
2018,喀喀人
2019,首席的元老
2020,11世o
2021,阿普列尤斯
2022,q太人
2023,光度
2024,克R斯勒J款法案
2025,省h
2026,1610年1月7日
2027,荷m
2028,讨
2029,1835年
2030,六四天安T事件
2031,比
2032,「通俗的」
2033,每秒30D
2034,髦v修道主xc
2035,1955年
2036,1987年
2037,洪堡
2038,1847年
2039,玄宗
2040,1968年
2041,不赢a
2042,其英文s首字母椤[UNK]・ㄎㄟ・ㄨㄞ」
2043,林肯
2044,L景怡人
2045,元末民
2046,美大平原南部的堪_斯城
2047,教育副官
2048,1599年
2049,3
2050,香港HC
2051,暴力革命
2052,T璋
2053,普士
2054,高句
2055,西伯利F路
2056,溧
2057,W部
2058,・德拉Z・_斯福
2059,科什D尼察
2060,1600
2061,_立D女投票
2062,500毫升
2063,古代
2064,民二年
2065,蒙古人
2066,正德十一年
2067,My肌
2068,m共和
2069,ecaH
2070,毛|
2071,蒙哥汗在合州的~城之鹚
2072,{川
2073,莫高窟
2074,穿孔胞
2075,}方各沙勿略堂
2076,2次
2077,1924年
2078,梁⒊
2079,白米
2080,m田u|所
2081,通膨
2082,1米93
2083,鹿u
2084,蚬
2085,vF路山段
2086,《1956年清空夥ā
2087,苊啄岚仓Z・蒙塔{利
2088,大新移民
2089,里斯多德
2090,教法
2091,近海痿Y
2092,菲利浦五世
2093,阿卑斯山
2094,炮兵科教官
2095,1984年
2096,何P山
2097,一|光年
2098,1995年
2099,t矮星
2100,日Z
2101,阿法e
2102,20世o
2103,草本
2104,涵元殿
2105,W斯卡・赫特S希
2106,1971年
2107,英
2108,徐世昌
2109,增孩子免疫
2110,民18年
2111,年降雨量
2112,1913年
2113,法|部
2114,匙
2115,拉丁Z
2116,美
2117,婆_摩笈多
2118,聿
2119,世界的中心
2120,第53
2121,工I革命
2122,主教座堂
2123,一次世界大r期
2124,安眠
2125,史坦波中心
2126,《科W怪人》
2127,詹姆士・波克・詹森
2128,f-16
2129,日本
2130,《健r蟾》
2131,江K淮安
2132,朱g石
2133,中共中央副主席
2134,毒
2135,B接子
2136,普洱^
2137,被l人
2138,英敦夭碱D
2139,谷王朱[UNK]
2140,1529年
2141,佐世保重工I
2142,申城
2143,德川家
2144,河川
2145,岩石圈
2146,香港日治r期
2147,邦湎到y
2148,1925年
2149,新界l村的代表
2150,德
2151,
2152,1975年
2153,日本
2154,反共思想
2155,州方言
2156,里雅e斯克
2157,王{
2158,胡\
2159,|x元帝
2160,最低
2161,Z字
2162,zI之路
2163,5642米
2164,⑾x┲卸
2165,寮
2166,aI工合
2167,京杭大\河
2168,_
2169,南W塞提自治^
2170,浮R率制度
2171,rI
2172,秋天
2173,界以黑江榛本界限清
2174,「永d」
2175,南省
2176,德
2177,土地改革
2178,林邑王~一世
2179,珍妮・wZ
2180,一大批碜栽第三帝|部的y民想要在@地|的邦找到身之地
2181,邦在鹬腥
2182,玉泉北路
2183,1789年
2184,280天
2185,旅[I
2186,柏拉D
2187,家地|局
2188,2007年
2189,家v史文化名城
2190,S基媒w基金
2191,一省
2192,曼_基尼河
2193,高昂的嫁y
2194,初中
2195,最佳演唱Fw」
2196,君主妾室
2197,防火能力
2198,F代精神tW
2199,空Φ仫w
2200,古塔副都y
2201,德柏林影展
2202,接合
2203,第四心音
2204,李白
2205,世u制度
2206,n海P
2207,英儆《
2208,2009年
2209,牛胃馀蛎
2210,沮水
2211,吠陀梵Z
2212,榱艘正_地表示宇宙真名相的真情意
2213,平面模特
2214,印第安{大W俱凡
2215,射
2216,1960年代
2217,福摩沙高速公路
2218,高科技aI
2219,|芝
2220,新北市
2221,川本芳昭
2222,伊斯m教
2223,一年
2224,借高利J
2225,要求M行民主xe
2226,2002年
2227,620年
2228,民42年
2229,第一公民
2230,F代主x
2231,天主教
2232,美利月盟
2233,v山大・塞S
2234,1958年
2235,1929年
2236,W科幻
2237,心饶|
2238,菲律e
2239,斯・勃m契特・瑞德
2240,周恩
2241,超音速
2242,p-51
2243,日本
2244,民37年
2245,模Me人的言行
2246,1900年
2247,李察・e特利
2248,印尼
2249,康熙四十八年
2250,G州
2251,法W院
2252,22
2253,克里米
2254,防部空司令部
2255,北京
2256,1945年
2257,倭寇
2258,]Pi
2259,1972年
2260,2013年
2261,史_林
2262,牡丹江
2263,1918年
2264,年pa星
2265,非金兕材料
2266,阿拉王
2267,合人辔T
2268,炖台大
2269,
2270,^
2271,M城W院和研究院
2272,二氧化碳
2273,Y作物
2274,毛奇
2275,xy染色w
2276,後代
2277,в炅夂
2278,王白x
2279,
2280,第三心音
2281,咸康七年
2282,X合金
2283,道格拉斯
2284,玉米
2285,|_R帝
2286,五
2287,民25年
2288,松花江
2289,墨西哥
2290,宋太祖w匡胤
2291,太能池板
2292,2008年
2293,南北n高eC制
2294,t水河
2295,新蒙古人N
2296,斯芬・佩斯
2297,2001年
2298,大道|
2299,27千兆瓦
2300,副夂
2301,1200f名
2302,巡
2303,2008年
2304,29.48f人
2305,1980年
2306,高峰
2307,杜V
2308,12
2309,西伯利
2310,鸦ù蟮
2311,焦_Z・布Z
2312,HW球f
2313,S州郡h
2314,比^具w的修手法
2315,官僚主x者A
2316,刺史
2317,心K泵
2318,1180年
2319,三q
2320,失眠
2321,雷焦卡拉布里家考古博物^
2322,阿克自治市
2323,香港人
2324,都市
2325,西班牙
2326,布人
2327,aD之前有o生a
2328,校@一卡通
2329,第18
2330,海澄公
2331,氮
2332,外人
2333,唐生智
2334,金y珠
2335,1919年
2336,1939年
2337,收藏品
2338,噪
2339,西塞_
2340,白河
2341,K海
2342,音贩矫
2343,《四十二章》
2344,阿杜伊尼卡家族
2345,工I
2346,海因利希?弗格勒
2347,第五套
2348,景洪市
2349,n法
2350,取光
2351,《失落的故事集》
2352,1918年
2353,200米
2354,原始宗教
2355,第1^
2356,博物W
2357,杭州
2358,後座
2359,1999年
2360,T特
2361,彰化市民代表
2362,法大革命
2363,明朝
2364,2013年
2365,朱德
2366,L氟Q上人
2367,h武帝r期
2368,1963年
2369,|
2370,西排立
2371,主Z+^Z+eZ
2372,主序
2373,磁波理模型
2374,英
2375,1927年
2376,2014年
2377,已消失
2378,2007年
2379,法
2380,最K仍可同rc大半W洲K鸪善绞
2381,外R商店
2382,榱遂固自己及子O的y治
2383,蒙古Z
2384,甲醇
2385,元太宗
2386,15625|日元
2387,印度教文
2388,1218年
2389,918年
2390,北非作痣A段
2391,依法治
2392,1987年
2393,dnaB酶
2394,金
2395,半Q
2396,在球反2次後再羟
2397,球褶
2398,梁[UNK]
2399,40年
2400,2901.3平方公里
2401,永和^
2402,郭守r
2403,高等W校新生入W考制度
2404,大冷F南下，有烈|北季L吹u
2405,「Wゴ箢I袖毛|」
2406,19世o
2407,檀君古朝r
2408,治帝
2409,朝r狱h中央委T委T
2410,清宣宗r代
2411,蒙h稍政治
2412,黑色雷帽
2413,三史
2414,四次
2415,林彪
2416,技gl明
2417,1973年
2418,摩T教
2419,分裂
2420,社
2421,1603年
2422,一分
2423,火山家公@
2424,2013年
2425,射速慢
2426,新石器r代
2427,孔R
2428,李・德富雷斯特
2429,1958年
2430,世界庀蠼M
2431,通膨
2432,1820年代
2433,h境地政局
2434,350kw
2435,天主教
2436,食品I
2437,1958年
2438,2010年
2439,柏淞
2440,7920公里/小r
2441,仙台市
2442,史和平
2443,wN
2444,哈I
2445,1967年
2446,x和F事
2447,混合苦的酒
2448,建文二年
2449,PuM法
2450,2008年
2451,防武警
2452,米m・鹊掀
2453,19世o晚期
2454,HD口Q易
2455,合不勒汗
2456,高句
2457,C台汗
2458,民14年
2459,49.3f人
2460,巴{德
2461,量子光W
2462,蛋
2463,哈德d河
2464,全地D正保御LD
2465,民3年
2466,投保人
2467,主序У碾A段
2468,坎
2469,港u^
2470,1221年
2471,阿得雷德
2472,《中A人民共和法》
2473,二十q
2474,p打比
2475,中村法道
2476,高要
2477,F穆
2478,391年
2479,英精神tW期刊
2480,1849年11月1日
2481,1260年
2482,13小r
2483,氦
2484,鸹I^
2485,F族
2486,丁尼一世
2487,黑死病
2488,1948年6月20日
2489,卡胡R伊
2490,F
2491,氮化硫
2492,三
2493,1972年
2494,都市
2495,色指
2496,恩琴
2497,情感支持
2498,6位
2499,司R休之
2500,煤消除
2501,公民化
2502,宏
2503,民政府r期
2504,阿伯特・垡蛩固
2505,傻瓜塔
2506,宋忠
2507,中山
2508,匹堡
2509,威廉・赫歇
2510,格子型系y
2511,戒懒
2512,^靼海{
2513,1989年
2514,花垣
2515,|部
2516,模特
2517,7%
2518,n
2519,代表她B_28雠c30鲅莩，事I如日中天
2520,cf超新婚之夜
2521,泰
2522,r民A
2523,孔恩
2524,索契
2525,比利r
2526,重c理工大W
2527,支持_唱立
2528,足利尊氏
2529,托木斯克
2530,K丹_富地^
2531,1905年
2532,《_匙跃冗\有言》
2533,
2534,十|年
2535,1486年
2536,英
2537,1950年代
2538,1500公里
2539,「南Olsf商h」
2540,布里特人
2541,建炎二年
2542,民8年
2543,1841年2月10日
2544,前279年
2545,中大
2546,西元前1534年
2547,瓦本哥家公@
2548,1906年
2549,迦牟尼
2550,1960年代
2551,1640年
2552,交通不便
2553,威尼斯人
2554,|涌
2555,由於梅G芳是女低音，似徐小P
2556,1841年2月10日
2557,1997年
2558,2005年7月21日
2559,宋代
2560,家A防腐【
2561,l量愈多
2562,「大W生研究」
2563,爽文市
2564,1994年
2565,王南
2566,茂}街
2567,八零年代
2568,1234年
2569,日本
2570,瑞派克路
2571,鹘y白犭襞
2572,第二代
2573,h委
2574,康熙三十二年
2575,重工I
2576,中央印uS
2577,1952年
2578,十二月屠
2579,L程巡弋w
2580,十月革命
2581,成
2582,榱肃]政用途
2583,公元10世o
2584,1904年4月1日
2585,w以位居台潮辈
2586,二氧化硫
2587,Bd十一年
2588,巨石
2589,{
2590,日本青年社
2591,V|籍
2592,_R帝
2593,自由派
2594,1990年代
2595,秋明州
2596,敦F事件
2597,加州
2598,自由
2599,n
2600,不定性
2601,北方太平洋品N的大R哈~常於9－10月回到黑江、跆K里江等河中a卵
2602,亨利克R
2603,W美家
2604,州u
2605,赫伯特・查普曼
2606,噪音^大
2607,廿八q
2608,南
2609,2016年
2610,印度民士兵大判
2611,s休教宗
2612,美日
2613,2比1
2614,⒆h院
2615,1861年
2616,1991年
2617,_
2618,1953年12月
2619,白准o末缃^事件
2620,2003年3月4日
2621,曼莫h・辛格
2622,刺激性
2623,七七事
2624,民主h
2625,1895年
2626,中A民99年12月25日
2627,R茵
2628,h拿山
2629,拒^投降
2630,慈禧皇太后
2631,1600分
2632,R吉特
2633,失分
2634,第一次f片
2635,特殊hT
2636,中
2637,蔡素玉
2638,加拿大
2639,工
2640,「小平建O有中特色社主x理」
2641,1999年
2642,4
2643,刂
2644,下_克森邦
2645,《宅地法》
2646,中途公@
2647,v越美
2648,粽
2649,高房r
2650,1849年
2651,2016年9月30日
2652,改革法案
2653,解放
2654,1949年
2655,伊斯m教
2656,|偎乱灰
2657,6
2658,伊斯m教
2659,暴雪饭司
2660,第二次世界大
2661,v史W家
2662,理心理W
2663,西方墨c法
2664,136.03f人
2665,唐朝
2666,C
2667,克列孟梭
2668,c空飧艚^
2669,中央委
2670,振
2671,台中w@^
2672,1803年
2673,特瓦族
2674,雕塑
2675,麻州
2676,杜林
2677,鲎枇
2678,]有完整校舍
2679,「一一」
2680,耶d
2681,西塞_
2682,英司令部
2683,rB工
2684,土耳其
2685,2013年
2686,忠孝
2687,摩根
2688,1960年
2689,高
2690,1930年
2691,海水淡化
2692,大W
2693,崩崖
2694,h性
2695,1779年
2696,印尼
2697,人本主x
2698,首塔洞公@
2699,建h合大接受蒙古加入合
2700,英
2701,
2702,3%
2703,8200年
2704,普法
2705,什\I
2706,供o造需求
2707,中|
2708,民三十八年
2709,演_
2710,土斯
2711,q~
2712,中大
2713,甘蔗
2714,不M北l氏Ｖ普
2715,第一用LΥ婢W
2716,s翰・福特
2717,昆明公交公司
2718,2010年
2719,巴洛克L格
2720,T勘yr期Rrl款
2721,2008年
2722,{粹h
2723,清政府
2724,拿破
2725,r的盟破
2726,h魏故城
2727,1920年代
2728,南京民政府青天白日M地t旗
2729,威廉一世
2730,同波束
2731,第1630
2732,1702年
2733,u~片的耗p提高S多
2734,新加坡
2735,同盟
2736,1944年
2737,手形
2738,布里斯托大W
2739,河\
2740,伏加河
2741,H游锩名委T
2742,S金自由Q易
2743,施耐庵
2744,集中式太能l站
2745,大n帝
2746,他榘l信者的]件w上]戳的做法非常受g迎
2747,第265任
2748,第一l城H客\F路
2749,死亡
2750,60人
2751,阿拉瓦克印第安人
2752,告士打道
2753,jr西日本
2754,神R赫
2755,12
2756,}N糕
2757,伽利略
2758,1875年
2759,Y海
2760,1863年
2761,1828年
2762,1597年
2763,1829年
2764,杜林
2765,2008年
2766,S臣氏
2767,侏_o
2768,京和
2769,拿破
2770,342年
2771,「11月祭」
2772,中A人民共和
2773,鄹袼己＝鹚构司
2774,阿拉巴R州
2775,2015年
2776,《_R十二帝王鳌
2777,蚊
2778,莒尺d・戴S斯
2779,1867年
2780,70%
2781,狩C窦社
2782,日本
2783,民h
2784,入W考
2785,心引起教萘Φ烈反
2786,大瘟疫
2787,鄂D曼帝
2788,1986年
2789,明代
2790,1951年4月13日
2791,基督教
2792,心血管疾病
2793,石油天然庋邪l中心
2794,元朝
2795,硫酸
2796,x大利
2797,超基金法
2798,中A人民共和
2799,{粹德
2800,募兵制
2801,1933年
2802,2001年
2803,丁丑下城」
2804,1765年
2805,天主教
2806,有P⑴c海外派遣活拥姆律案
2807,大M
2808,A沙
2809,伯力
2810,外交政策
2811,三N不同
2812,8世o
2813,s翰二世・科穆皇帝
2814,凡m
2815,北海道帝大W
2816,2008年
2817,信
2818,地^界
2819,X
2820,游锩名法
2821,2016年
2822,1789年
2823,1235年
2824,H生物科W合
2825,傧卤怀廷死
2826,金靴
2827,R格蒙特三世
2828,天文W
2829,巴雷
2830,R茵河
2831,氧化氮怏w
2832,批准教纫呀形成的共R
2833,信申侯
2834,攻占{哈出的金山
2835,「堂u米相所
2836,热C
2837,y熊
2838,1968年
2839,o止心率
2840,《f金山和s》
2841,6座
2842,1992年
2843,武昌起x
2844,直接管理寺院周13f政教事
2845,力大
2846,第一波新政
2847,球面缀W
2848,1976年
2849,地球大蛹捌渌天w之外的空^域
2850,第2758
2851,1980年代
2852,钌
2853,1859年
2854,榱烁好的c_R帝M行Q易活
2855,W嗖
2856,阮之
2857,西
2858,_斯托克港
2859,印度河文明
2860,约瑟夫・斯卡利格
2861,湖州人
2862,S多利港
2863,]箱I
2864,沙
2865,分l式政策
2866,拉丁文
2867,12q
2868,比利r
2869,1000米
2870,RPls
2871,_斯福
2872,大性季L夂
2873,214
2874,1席
2875,^渡r期法
2876,益州
2877,段思平
2878,1953年
2879,口酱
2880,海口市
2881,社W
2882,雌雄同w
2883,z鞫律
2884,r截C
2885,寮
2886,2000年
2887,15年
2888,~雷艇
2889,_惩饨焕Ь
2890,第26
2891,武h大W
2892,第三心音
2893,1989年
2894,_林
2895,新北市的主要行政^^去皆槿面依_北市的l星城市
2896,英
2897,V州F路公司
2898,航宇
2899,社交活
2900,O鞣
2901,元缢沃
2902,v山大・_德
2903,阿卡狄跛
2904,多多
2905,《r》
2906,K第三H
2907,中世o中期
2908,美登山f
2909,突厥Z
2910,台南
2911,法律
2912,WM^高
2913,1987年
2914,神W研究A段
2915,1878年1月
2916,直布_陀海{
2917,失
2918,在一固定期g龋一家C的F金增p忧樾
2919,1923年
2920,Rd
2921,恭帝
2922,中A民初年
2923,托列斯海{
2924,日本社h
2925,印度洋
2926,赡
2927,大致平坦的地貌
2928,磷V石
2929,美
2930,克_埃西
2931,1512年
2932,消亡A段
2933,肌萎s性脊髓人饔不症
2934,事防l
2935,哈德良
2936,《P於托勒密和哥白尼纱笫澜珞w系的υ》
2937,魉
2938,可再生能源l
2939,N族^分
2940,成
2941,R安_
2942,戴V鲎闱蚓凡
2943,厄布士峰
2944,南京民政府
2945,明朝
2946,武器Ou造
2947,1956年
2948,]有
2949,50
2950,科W博物^
2951,冬o篮
2952,1874年
2953,S吾Z
2954,金大中
2955,w重^p了5磅
2956,新生代
2957,勒克瑙f定
2958,《防蟾》
2959,忽必烈
2960,C
2961,承k五大宗教外其他宗教I
2962,合
2963,有一大的刃枋
2964,高商Ir值
2965,「接班第一步
2966,⒌C
2967,瑞士
2968,中A民政府
2969,希伯碚Z
2970,「一小rf一字」
2971,汽\
2972,敦煌石窟
2973,R祥m台m
2974,朝r
2975,1972年
2976,布里斯托^
2977,商灬
2978,喀喇汗
2979,p-38
2980,h壬
2981,1932年
2982,1952年
2983,埃及
2984,2003年1月12日
2985,~_
2986,瓦特
2987,村民委T
2988,q太堂
2989,三菱L崎造船S
2990,n法
2991,岳w
2992,怯薛
2993,道元U
2994,1637年
2995,北魏
2996,西人h
2997,民26年上半年
2998,中|
2999,一次世界大r期
3000,大朝r
3001,筋混凝土
3002,稀洳菰
3003,1171年
3004,日n合ls
3005,羽柴秀吉
3006,中aA
3007,民四十三年
3008,第45萌毡颈h院hTxe
3009,魏源
3010,教宗保六世
3011,阿拉伯宗教
3012,2
3013,梵Z
3014,元帝不重科e
3015,博克施道夫鹨
3016,珍妮・wZ
3017,1636年
3018,第三aI
3019,自DS的O
3020,德宏州
3021,25
3022,讨巍な返俜
3023,查士丁尼一世
3024,A北平原
3025,振州
3026,克里米^靼人
3027,李r珍
3028,f莫比
3029,埃及
3030,辛亥革命
3031,六十年代
3032,十年
3033,伊斯m教
3034,正二品
3035,六四天安T事件
3036,周恩
3037,《北京ls》
3038,1976年
3039,1959年
3040,耕地
3041,民h
3042,肉牛
3043,主臃
3044,生活部
3045,W洲工I文明崛起
3046,29f人
3047,冷
3048,300公厘
3049,廖仁
3050,洪~
3051,淮安^
3052,左手的大拇指
3053,春耦S
3054,2002年
3055,12931ghd
3056,西里字母
3057,荷m人
3058,h的o律z查CP
3059,二
3060,契s」
3061,F路
3062,河本大作大佐
3063,榱吮Ｗo蒙古人地位
3064,工rI
3065,Y本主x
3066,四品
3067,金正恩
3068,鹋
3069,K
3070,清朝嘉c年g
3071,m希佩洛西
3072,1871年1月18日
3073,⑸倨
3074,90年代
3075,啬岵HC
3076,瑞士
3077,家y治者透^集w利益性的方式，_到社目说F
3078,2部
3079,交通部^光局|北角暨宜m海岸家L景^管理
3080,黑江
3081,_珊王朝
3082,L水村
3083,八王之y
3084,居民委T
3085,民29年
3086,降低J款利息
3087,1980年2月24日
3088,通化市
3089,康熙帝
3090,跗e克斯坦
3091,玉米
3092,
3093,建O性的互a夥伴PS
3094,2006年
3095,1987年
3096,R克思主x
3097,史都A的影迷太多
3098,R加人
3099,清宣y二年
3100,巴西
3101,uШ弦
3102,完全臀位
3103,克道
3104,71.7公里
3105,神}_R帝
3106,自律性
3107,V局
3108,俺巴孩汗被金朝皇帝金熙宗在木H上致死
3109,Y介石
3110,查理z查站
3111,京杭大\河
3112,F高原
3113,n
3114,1914年
3115,t衫\
3116,兵分二路，各羝
3117,^
3118,G窗口
3119,
3120,希D文化
3121,幽州
3122,H社的毫χ下
3123,直皖
3124,1970年代
3125,相
3126,平定南昌的王宸濠之y
3127,周恩
3128,安息
3129,1956年
3130,南海h
3131,《A府L》
3132,n
3133,^度h化、`背祖宗成法橛
3134,4000米
3135,李|
3136,1919年
3137,100%
3138,百f分之一弧秒/年
3139,印度教
3140,第一座青天白日煺
3141,尼古拉杜霍
3142,浙江Bd浙第二旅第六F第三B官
3143,以mν忾_放的需要
3144,信
3145,1782年
3146,1867年
3147,日本武士r代
3148,武h大W
3149,格勒
3150,日a汽
3151,政府政芸
3152,1920年
3153,1972年
3154,柴油
3155,巴拉R利波
3156,希D人u衾丁人S民的事件，有一次乐氐男n突竟然е鲁|地^
3157,有z分裂
3158,R丁布沙
3159,阿拉伯字母
3160,二氧化碳
3161,1987年
3162,《三演x》
3163,S琪翔
3164,中人民y行
3165,都市
3166,ucla
3167,2016年
3168,土地改革
3169,c.l.maxnikias
3170,荷m皇家研究所
3171,周恩
3172,1739年
3173,民族文化多元化
3174,《_射袅睢
3175,
3176,商I上的活力
3177,忻城h
3178,|
3179,田春蔚
3180,冬季W\
3181,倜
3182,rV部
3183,艾_克・牛D
3184,R_T塞州
3185,4世o
3186,第一A段
3187,波m
3188,卡・布m克
3189,《|方t》
3190,日本l犹平洋
3191,西元28年
3192,同化政策
3193,莫敦梅
3194,北京
3195,1942年末
3196,巴洛克L格
3197,S心
3198,赡
3199,古朝r
3200,俗世什
3201,受沤影
3202,《周Y》
3203,1967年
3204,匈牙利
3205,西班牙人
3206,31
3207,反映r民困苦生活
3208,新北市立D^
3209,北竿u
3210,拉彼
3211,WD・普R明
3212,1235年
3213,太能
3214,核能
3215,保加利分部
3216,2015年6月
3217,天主教
3218,新北市
3219,量子光W
3220,加勒比海
3221,1927年
3222,30
3223,{~
3224,格拉赫峰
3225,三分之二多低意
3226,「三跨一姨簟
3227,被捕
3228,江北地^
3229,希D文化
3230,19世o
3231,中山菜
3232,匈奴人
3233,海山
3234,倭
3235,1949年
3236,第四次十字|征
3237,L
3238,基督教保守派M
3239,昆明巫家HC
3240,S田汽
3241,游
3242,全海防工作
3243,游隼
3244,1955年
3245,R吉特
3246,13世o
3247,星系天文W
3248,芰_姆R特文
3249,h族
3250,24位
3251,小高加索山}
3252,部
3253,事科研
3254,中共aho律z查CP
3255,大雨
3256,民主h
3257,1636年四月
3258,人性本善
3259,法@
3260,文化大革命
3261,公元第二世o
3262,航空
3263,F木真於1206年y一漠北T部族後建立的大蒙古
3264,h朝事毫
3265,1924年
3266,中午12c
3267,小平
3268,民39年
3269,AR士
3270,淙诤
3271,39|美元
3272,大恐慌
3273,民元年
3274,1909年
3275,1233年
3276,2015年
3277,卡佩
3278,超英雄
3279,教法W博士W位
3280,S多利湖
3281,《天w\行》
3282,R英九
3283,台北曲F
3284,朱文圭
3285,~名琛
3286,Vu市
3287,O理
3288,健康
3289,德拉瓦州
3290,]有
3291,1891米
3292,R砦
3293,K拉
3294,92%
3295,李算
3296,秋明州
3297,物喾
3298,R林Z夫斯基
3299,1651年
3300,忽必烈
3301,⑺巫谕
3302,消O的制度
3303,李宗仁
3304,p重R率
3305,1971年
3306,1282年
3307,取速度上的
3308,粟特Z蒙古文字
3309,小高加索山}
3310,用碇]小或中
3311,明朝
3312,游镏肪
3313,志道路
3314,奈及利
3315,1955年
3316,976毫米
3317,君士坦丁堡
3318,路易・菲利普王
3319,相瓦舍
3320,1912年
3321,1903年
3322,F
3323,伊斯m教
3324,9世o
3325,特e警察部
3326,让晒抛灾握府
3327,{子
3328,宋高宗
3329,西莒u青帆村
3330,美元
3331,地球
3332,{子派
3333,乾隆皇帝
3334,A滋A斯的
3335,1998年
3336,西班牙
3337,「朝r民主主x人民共和元
3338,成吉思汗r代
3339,意R型B上的O嘀髁xA向
3340,地中海
3341,1908年
3342,37年
3343,牡丹峰FFL
3344,君士坦丁八世
3345,u造空馕廴
3346,1949年
3347,岳w
3348,⒗沃
3349,105名
3350,卓袱
3351,五分之四
3352,福建AS
3353,民族主x突
3354,德
3355,北方方言
3356,集安
3357,1970年
3358,燃
3359,李・科卡
3360,五年
3361,瓜拿{
3362,特瓦族
3363,v
3364,加
3365,z魑镔|
3366,克R蒙梭
3367,海什木
3368,2006年
3369,白准o中期
3370,莫里斯哈勒
3371,克诘孪霓r
3372,不列印度
3373,1932年
3374,人口^南方多出S多
3375,1964年
3376,s翰・坎
3377,法Z
3378,平均地
3379,H@家f
3380,合肥市政府
3381,理查特里S西克
3382,一天目前仍僦匾事基地
3383,
3384,mY治通aL》卷323宋元S五年二月己巳l
3385,幽默
3386,o量山
3387,738年
3388,美
3389,於旅客的Q乘和物\十分不利
3390,非常小
3391,1961年
3392,
3393,英
3394,耳
3395,模特
3396,1284年
3397,民27年
3398,悉殷w
3399,135
3400,2005年3月20日
3401,43.40%
3402,路易十三
3403,沃特蒙代
3404,1935年
3405,榱死^m吞闳印度
3406,伊利Z州
3407,公元前240年
3408,f夫公爵「{子亨利
3409,性犯罪
3410,_e作用
3411,信L台P
3412,第二代
3413,S大仙^
3414,忽必烈
3415,1930年代
3416,巴西二世
3417,至元十一年
3418,新型ご┘
3419,德川家康
3420,哈大客\＞
3421,世界三大黑土地
3422,佛教
3423,恰克Dls
3424,多源於南部汝高原地^
3425,「1月6日裁」
3426,}P_琳教堂
3427,沈葆E
3428,f助自
3429,西x
3430,美hbo台
3431,1985年
3432,2450084
3433,2009年
3434,11世o
3435,郭松g
3436,1931年
3437,W」型a星
3438,五法
3439,天皇
3440,2014年
3441,大洞l
3442,股份制改革
3443,赡
3444,
3445,1976年
3446,你吃了幔
3447,15
3448,宋公
3449,希洛分基地
3450,h地大都
3451,康熙
3452,景星殿
3453,雨果
3454,小平
3455,_不到香港女性非常高的衽l件
3456,S~斯
3457,民17年1月
3458,西部片
3459,s交
3460,2000年代
3461,《魔戒》
3462,1978年
3463,儒家思想
3464,1954年
3465,12架
3466,V西V府人
3467,1897年
3468,理
3469,1945年
3470,}幕府lF了後醍醐天皇的倒幕企D，令六波_探}⑻旎噬磉的日野Y朝等人分
3471,在完成了炔孔灾蔚捏w制
3472,倭王
3473,匙写a^
3474,1991年
3475,s瑟夫
3476,大部分的rg都在外生活
3477,p反
3478,大爆炸理
3479,新南威斯W校
3480,守tc定
3481,期思陂
3482,中A人民共和
3483,朱棣
3484,2000
3485,由於士兵主要由穆斯林和印度教徒成
3486,俄
3487,|h
3488,1941年
3489,生命
3490,C隹炀
3491,茨要塞
3492,中最早有P魅静⊙芯康闹作
3493,W洲
3494,梵Z
3495,惠中威廉斯
3496,19世o晚期
3497,1990年代
3498,R祖列u
3499,交通部^光局
3500,1999年
3501,白犬列u
3502,羲
3503,一般的p型小[艇
3504,尚r
3505,R祖列u
3506,春梅
3507,B江h政府
3508,元宵
3509,秋季
3510,每年r丫旁鲁蹙胖仃
3511,北l
3512,S金_
3513,事重地
3514,q潮
3515,港
3516,平原地形
3517,235q
3518,W球
3519,F代W球
3520,W球
3521,主裁判
3522,球童
3523,鐾獠门
3524,l球上W
3525,家
3526,l球上W
3527,半西方式握拍
3528,半西方式握拍
3529,半西方式握拍
3530,19世o
3531,W袋
3532,扣
3533,制偾
3534,非I利博物^
3535,t土
3536,一局比Y束之後
3537,1-5P
3538,失去一分
3539,四年
3540,1989年
3541,2010年
3542,27.828，h8.908
3543,新北市
3544,新北市
3545,_掣咚勹F路
3546,已有捷\系y
3547,_北市公I管理中心
3548,微笑诬系y
3549,淡水河
3550,新北市
3551,42
3552,H海洋音芳
3553,新北市政府文化局
3554,2007年10月1日
3555,120N公里
3556,小型地方商圈
3557,新北市
3558,2052平方公里
3559,南西支
3560,瑞典
3561,新逢
3562,彼得
3563,q大
3564,彼得
3565,s翰L老
3566,s翰L老
3567,Z言W
3568,s翰的示
3569,索R利
3570,亳R利
3571,邦制
3572,利
3573,150f美元
3574,2001年3月
3575,地r
3576,今天
3577,大模永久性防RO施
3578,城市
3579,^域
3580,中古代城市的主要分大的主流方面，第一是按照周Y考工
3581,美基地
3582,加入了北美^方案
3583,夏威夷檀香山
3584,季性
3585,Pu地^t城
3586,1996年
3587,死亡
3588,Pu
3589,安娜tu
3590,Pu
3591,珊瑚h礁
3592,最高
3593,位於UL走廊上
3594,混凝土Y
3595,哈斯山}
3596,十天
3597,下_克森邦邦L
3598,免淘洗米
3599,有C米
3600,光球
3601,囟
3602,白准o
3603,缃^事件
3604,P古大
3605,侏_or期
3606,白准o
3607,M力M
3608,非I利M
3609,非I利M
3610,T大
3611,外拍
3612,局部模特
3613,少女模特
3614,F族
3615,音|F族系y
3616,政治家
3617,政治家
3618,政治家
3619,Kv德部
3620,1961年8月12日
3621,1961年10月
3622,年p人
3623,1963年
3624,y一社
3625,2000
3626,1971年4月10日
3627,44年
3628,1989年
3629,法修正案
3630,德意志民主共和
3631,1974年
3632,1961年
3633,y一社h
3634,
3635,500席
3636,布拉格之春
3637,二十四九六零年代後，虐待等酷刑uu得少，而更多用心理折磨硗峡逭治犯的意志
3638,移民
3639,1950年
3640,K
3641,y一社h
3642,2.80%
3643,1985年
3644,社主xF主x
3645,≡
3646,≡
3647,1857年
3648,十年
3649,人文W科
3650,天主教
3651,1956年
3652,R克思主xWf
3653,K
3654,特殊PS
3655,R武C
3656,釜山
3657,州u
3658,工I原料
3659,n
3660,2.10%
3661,M口
3662,n
3663,n
3664,三星重工I
3665,2007年5月
3666,n科W技g研究院
3667,n
3668,金泳三
3669,n美同盟
3670,佛教
3671,甲午
3672,中
3673,nF代化的a物。@是n和社的l展
3674,b上去的浮A
3675,三r期
3676,民g口^髡f
3677,日本ol件投降
3678,影
3679,F民主化
3680,1997年
3681,2000年
3682,牛肉
3683,狗
3684,n
3685,n式泡菜
3686,n
3687,n式筷子
3688,n酒
3689,2790060
3690,5583064名
3691,多多
3692,十十二月
3693,35度
3694,133公分
3695,多多皮dHC
3696,401省道
3697,多多{B棒球
3698,多多足球俱凡
3699,多多C券交易所
3700,多多
3701,多多
3702,1787年
3703,多多
3704,1787年
3705,1793年
3706,1813年
3707,1834年3月6日
3708,F路
3709,1921年
3710,81
3711,1107f平方公里
3712,康熙七年
3713,甲午
3714,康熙年g
3715,副都y
3716,光w三十三年
3717,理藩院
3718,外藩蒙古
3719,西藏
3720,科目~
3721,高句
3722,精英政治制度
3723,川王
3724,川王
3725,王平
3726,隋朝
3727,突厥
3728,李世民
3729,唐
3730,高句新城
3731,668年春夏
3732,新_
3733,新_
3734,新_
3735,we
3736,崃W
3737,不_定性
3738,政府C
3739,
3740,面情r
3741,紫色z病非常接近民居
3742,比w茨
3743,法m克w瑞
3744,功n
3745,秋季W期
3746,格特
3747,224名
3748,物理W
3749,美y科技委T
3750,47位
3751,委T
3752,路易斯委T
3753,多元性
3754,1950年
3755,理W院
3756,本斯
3757,}母院博物^
3758,65f人
3759,法m西人
3760,19世o末
3761,第二次世界大
3762,旅[I
3763,二
3764,R茵河航\中央委T
3765,合教科文M
3766,P特人
3767,日耳曼人
3768,神}_R帝
3769,路易十四
3770,R曲
3771,19世o
3772,德意志帝
3773,高亭
3774,W洲文团d
3775,史W家可能F代的_始放在1650年，而一些音芳
3776,1900年
3777,後F代主x
3778,政治哲W
3779,F族政治
3780,柏拉D
3781,基督教
3782,R基S利
3783,Kr期
3784,{
3785,四川省
3786,成都平原
3787,峨眉山
3788,宋朝
3789,嘉定府
3790,中世o
3791,哈康五世
3792,1314年
3793,黑死病
3794,瑞典
3795,19世o下半~
3796,挪威大B
3797,新城^
3798,1854年
3799,路
3800,西xr期
3801,西x
3802,郡h制
3803,蜀魏
3804,t司令，s阿基姆，我窦
3805,6月
3806,h警官
3807,扣留家人|
3808,h芬m
3809,莫斯科和平f定
3810,h莎拉
3811,德意志防
3812,K政府
3813,拿破
3814,近l^
3815,候a中央委T
3816,三月
3817,解放
3818,塔^社
3819,美第七
3820,胡\
3821,胡\
3822,1912年
3823,清朝r期
3824,民不聊生
3825,民h
3826,汪精l
3827,1934年
3828,西安事
3829,1945年
3830,渡江鹨
3831,1949年
3832,V州
3833,S埔校
3834,北伐必≌
3835,R蚴伦
3836,毛|
3837,
3838,分^
3839,庑硪ur忙於的工作
3840,1985年
3841,趵圭世界
3842,榆涞趵
3843,1958年
3844,1962年世界
3845,巴西
3846,季
3847,1994年
3848,敦W\
3849,2014年
3850,第二波新政
3851,新政盟
3852,7月
3853,德烟匕森豪
3854,i橙肭
3855,美人
3856,大社法案
3857,非裔美人
3858,新政盟
3859,埃莉Z_斯福
3860,林丹生y
3861,明尼K_州
3862,黑人
3863,能源部
3864,通信
3865,S吉尼州
3866,白人男性
3867,共和h革命效
3868,加拿大
3869,白水T事件
3870,U奴民主h人
3871,凡ls
3872,_斯福
3873,伊斯mhM
3874,第37次
3875,2007年
3876,潘基文
3877,3月
3878,o人wC
3879,2015年
3880,菜豆
3881,平坦
3882,1100公尺
3883,新美天津大理石
3884,1920年
3885,讨
3886,K
3887,塞拜然人
3888,赫哲族
3889,唐代
3890,唐玄宗
3891,1430年
3892,努呵地方
3893,元朝
3894,二妹公司
3895,江裟桓
3896,嘉禾二年
3897,公OY之
3898,O霸
3899,2000毫米
3900,梅雨r期
3901,2010年
3902,九州旅客F道
3903,f石器r代
3904,道作r耕文明
3905,魏志倭人
3906,前方後A粉
3907,|山手
3908,河南人
3909,斯洛文尼
3910,W洲共同w
3911,塞S克拉伊{共和
3912,克_埃西主x
3913,1991年
3914,R其D共和
3915,南斯拉夫反法西斯人民解放委T
3916,1945年
3917,2月
3918,共ah情缶
3919,沙文主x
3920,_放式社主xw制
3921,1980年
3922,失I率攀升
3923,分配地方嗔
3924,z魑镔|技g
3925,分子}u技g
3926,基因靶向
3927,1973年
3928,rI
3929,基因工程
3930,凝血因子
3931,基因D殖小鼠
3932,多倍w育N
3933,}u
3934,基因D殖生物
3935,同源基因
3936,加拿大
3937,美法
3938,17q
3939,美G卡
3940,家安全h
3941,美土安全部
3942,水泥
3943,人工土木建B材料
3944,都因人
3945,_R人
3946,怨棠途
3947,孔明
3948,_
3949,45公里
3950,斯密
3951,I物Y
3952,城H道交通
3953,中大
3954,最便捷
3955,丁磊
3956,出售]件系yw授
3957,新浪
3958,WHW路泡沫破
3959,2015年
3960,比路系y
3961,l信C
3962,食失{症
3963,躁d症
3964,自
3965,古柯|
3966,吸菸
3967,四川
3968,汗蒸冰u
3969,泰晤士
3970,泰晤士
3971,敦r
3972,保守h
3973,米m
3974,三世oh世o
3975,_R的富
3976,阿瓦人
3977,_珊王朝
3978,V州
3979,S帝
3980,培
3981,江南平原
3982,24位
3983,民主}地
3984,S大勇
3985,王永清
3986,浩鹊疆地洪雅族原住民的生存空g
3987,_晨督府h至唐受派遣害x巡T
3988,_e平原地形
3989,之洞
3990,1890年
3991,李_
3992,法
3993,2013年
3994,威廉吉伯特
3995,吉古特
3996,班苊鞲惶m克林
3997,富m克林
3998,琥珀摩擦
3999,崮
4000,浩
4001,法拉第定律
4002,wS性抽搐
4003,最佳作品
4004,之初
4005,五
4006,美影gc科WW院
4007,郭大
4008,不及前一r期的球，R^放蛋技巧，s更具成熟追求形式的完美
4009,_世奇和W古斯都r期
4010,20世o
4011,5000倍
4012,我距x比^h
4013,三天
4014,公元前3500年
4015,幼l拉底河
4016,尼_河
4017,a河
4018,美影gc科WW院
4019,W斯卡金像
4020,杜比≡
4021,西德尼斯科斯基
4022,洛杉地^
4023,W院邀a生
4024,1939年
4025,上海盛I大B大W
4026,BT大W
4027,W潮
4028,戊戌法
4029,梁超
4030,伊藤博文
4031,康有
4032,K
4033,外交的_局
4034,外公使
4035,x和拳
4036,W美日列
4037,2007年
4038,21196.18公里
4039,春秋r代
4040,北魏
4041,蒙古
4042,北魏
4043,朝r平壤
4044,突厥
4045,明朝
4046,c燃火
4047,L城
4048,中英_ls
4049,RPls
4050,重c
4051,重c
4052,重c
4053,反法西斯
4054,重c
4055,火
4056,重c
4057,重c
4058,兵工S
4059,沙坪喂@
4060,重c山新^
4061,重c
4062,用植物
4063,第十
4064,子工I
4065,重c
4066,RPls
4067,o你一些非人的危U
4068,土ub甲
4069,高爆反坦克
4070,分散撞舻哪芰
4071,_北H金融中心
4072,水扁
4073,2003年
4074,按察使
4075,中共ah
4076,西方
4077,1895年
4078,R州
4079,反ν性婚姻的人
4080,摩梭人
4081,1995年
4082,紊硎震B制度
4083,1600f
4084,社毫
4085,婚YaI
4086,荷m
4087,德
4088,14家，五
4089,1907年
4090,德
4091,1939年
4092,1929年
4093,e夕法尼州
4094,太空[客
4095,60q
4096,④
4097,英
4098,1989年
4099,波m
4100,Gu
4101,自行
4102,哟
4103,那些高尚或者W`者，比那些自以快目说娜
4104,Dr想自由
4105,1903年
4106,
4107,玄奘法
4108,宋朝
4109,|谴W
4110,1999年
4111,法完全互相贤
4112,}南Z
4113,1945年
4114,1985年
4115,1942年
4116,1947年
4117,75q
4118,美影W
4119,1985年
4120,1991年
4121,1948年
4122,大白兔
4123,秀西部片演T
4124,1945年
4125,表P艹鐾
4126,1945年
4127,2008年
4128,美空
4129,都A
4130,1951年
4131,比佛利山f
4132,克陴ゴ
4133,政治
4134,1940年
4135,五金行淮把e放了25年，此的小金人指的是甚N|西?[SEP]一部西部片c主角是R琳黛德。≈兴是一行b仗x的酆茫和平的七年十，一步一步大小的後代。1940年cа荩et合作的浪漫喜。街角的商店演主角是他的朋友格特K利文，男女i_是相俚墓P友，s不知道他在F生活中其是一起共在商店工作，而且互相看不太眼的同事。1940年，詹姆斯史都A
4136,S臣秀吉
4137,1598年
4138,岩石圈
4139,大量放射性元素衰加
4140,太平洋
4141,一月
4142,家庭血罕Oy
4143,I病
4144,商品的生a地
4145,美
4146,日本
4147,1899年
4148,2008年
4149,1789年
4150,德川幕府
4151,1868年
4152,1899年
4153,合
4154,石垣市
4155,爬行游
4156,山羊
4157,~_主嗟h
4158,15世o
4159,1945年
4160,1940年
4161,美C
4162,航路苏I法
4163,1月14日
4164,1857年
4165,R
4166,葛_男爵
4167,1858年
4168,6月13日
4169,2011年
4170,美地|{查局
4171,|芝
4172,涉及高_16|美元的造假案件，主要碜跃片及半w部T的假IN
4173,1875年
4174,2006年
4175,第二次世界大
4176,公元384年
4177,北魏gL格
4178,印度佛教文化
4179,KT答Du
4180,非常注重鹘y
4181,b主
4182,12世o
4183,水墨
4184,h明帝
4185,是西行印度求法而w的第一人
4186,南北朝r期
4187,北魏L格
4188,唐代
4189,L安
4190,莫高窟
4191,s翰赫歇
4192,1826年
4193,君主制
4194,匈牙利
4195,激Mh
4196,如若效忠王，南斯拉夫成君主制家
4197,1921年
4198,拉丁文
4199,倭寇
4200,南宋
4201,清同治年g
4202,矍槿fq
4203,候B
4204,2001年
4205,地中海血症
4206,1790年
4207,瑞士
4208,巴塞
4209,1939年期g
4210,皇家自由t院
4211,皇家自由t院，吉大W院附籴t院
4212,1973年
4213,八角大
4214,理事
4215,副教臻L
4216,中民主建
4217,文化教育界高人士
4218,工商企I家
4219,s毅仁
4220,1945年
4221,H盟
4222,58
4223,凡ls
4224,1960年
4225,1968年
4226,外
4227,W洲家杯
4228,西班牙
4229,抽`
4230,1927年
4231,1955年
4232,法
4233,K
4234,地^性H政治M
4235,非洲
4236,让晒抛灾^
4237,P
4238,朝市
4239,四
4240,防大臣
4241,徵兵制
4242,波斯|南岸
4243,1960年代
4244,西方商I模式
4245,英
4246,1852年
4247,很合理的制
4248,1966年
4249,1971年
4250,2006年
4251,七倍
4252,皇家法律
4253,142
4254,t
4255,1947年
4256,非裔
4257,1960年
4258,法律制裁
4259,共和末期
4260,_R公民
4261,W古斯都
4262,y
4263,百夫L
4264,河南
4265,2002年
4266,S河F路公路大
4267,1952年
4268,何克抗
4269,渥
4270,何克抗
4271,李克|
4272,小\z^
4273,刂萑
4274,小\z^
4275,重c市
4276,丘陵
4277,丘陵
4278,西德
4279,u石
4280,反法西斯防l
4281,西柏林
4282,四
4283,1949年
4284,1949年
4285,1961年
4286,趵希
4287,客座教授
4288,肝癌
4289,1978年
4290,1977年
4291,1978年
4292,HW委第48媚
4293,中A人民共和
4294,罨⒊
4295,分x主x
4296,李烈x
4297,孔祥熙公^
4298,事委T
4299,肝K
4300,刺激
4301,角胺
4302,英
4303,1713年
4304,W地利
4305,中F道部
4306,文化大革命
4307,玉昶
4308,人民日
4309,湖南^站
4310,2005年
4311,博[^站
4312,九站
4313,S河
4314,邦
4315,淮河流域
4316,助餐三行
4317,私立研究型大W
4318,班苊鞲惶m克林
4319,穆子工程W院
4320,第四
4321,唐朝
4322,虼W
4323,92英
4324,FtW院
4325,雨水
4326,露c囟
4327,土耳其
4328,格勒
4329,1941年
4330,1958年
4331,俄_斯邦
4332,共和元首
4333,第二次世界大
4334,中南海
4335,明代
4336,1406年
4337,北海
4338,袁世P
4339,袁世P
4340,中南海
4341,新AT
4342,1975年
4343,彰化h
4344,2014年
4345,平原^
4346,1959年
4347,花市
4348,花市
4349,四年
4350,市政h
4351,加入W盟
4352,基督教
4353,1403年
4354,723公里
4355,林海
4356,150名
4357,俄_斯
4358,rI
4359,
4360,2006年
4361,h蛑裂|正教
4362,P|地震
4363,1930年
4364,1933年
4365,九寨城
4366,九鹕
4367,1998年
4368,S大仙^
4369,拮据
4370,1919年
4371,一月
4372,北京
4373,1934年
4374,春P
4375,程程真
4376,V州行I
4377,西班牙Z
4378,83.40%
4379,S河
4380,山地
4381,中革命
4382,修水
4383,49.20%
4384,41N
4385,54N
4386,喜R拉雅山
4387,7095米
4388,喜R拉雅山}
4389,庚子r款
4390,清AW堂
4391,1943年
4392,1897年
4393,l危物N
4394,恐
4395,金正恩
4396,社主x市鼋w制
4397,金正恩
4398,2009年
4399,金正恩
4400,第149位
4401,卡w拉河
4402,2006年
4403,公路Wj
4404,r村
4405,1974年
4406,鼓手
4407,合
4408,D西族人
4409,君主制
4410,特瓦族
4411,1999年
4412,彩中心
4413,2010年
4414,央W苏I
4415,1988年
4416,2009年初
4417,消M
4418,所有有意x的文化a物
4419,μe一文化磉M行的Wg研究
4420,5824
4421,芝加哥公牛
4422,~s尼克
4423,2003年
4424,6121
4425,2004年
4426,真人
4427,敏子亭道L
4428,正x派
4429,正一派
4430,英
4431,托金
4432,本|的邪
4433,芬m民族
4434,1914年
4435,1911年
4436,1815年
4437,1934年
4438,u上L光
4439,人
4440,20世o
4441,清末民初
4442,王怡
4443,艏制度
4444,保o诱叩暮戏嘁
4445,文化大革命
4446,中A人民共和外交部l言人
4447,沙祖康
4448,汪洋
4449,中大
4450,新法
4451,苦修[居
4452,Tr
4453,畜牧I
4454,集w咏M件
4455,集w咏M件被w铀取代
4456,19世o
4457,拿破
4458,改土地a嘀贫
4459,1857年
4460,1862年
4461,⒔M混y的的指]嗾莆赵谧约菏种
4462,1870年
4463,德意志帝
4464,1873年
4465,1850年
4466,普x嗟谋Ｗo者
4467,了固自己的地位
4468,中A人民共和
4469,2000年
4470,r期
4471,5月
4472,道教
4473,加拿大
4474,你伯
4475,博湖
4476,冰河r期
4477,用以u造箭^
4478,1611年
4479,KS埃俄政府
4480,1987年
4481,航空\
4482,空F\
4483,航空\
4484,2395平方公里
4485,大理白族自治州
4486,可_200米
4487,古bL~
4488,卡e
4489,可以
4490,中大
4491,堑壕战
4492,德
4493,德
4494,1980年
4495,西省
4496,L江流域
4497,西段
4498,Ъ撅L夂
4499,棕壤
4500,蜀道y
4501,1921年
4502,P|大地震
4503,第一次世界大
4504,日治r期
4505,1927年
4506,九一八事
4507,太平洋
4508,修改日美安保ls
4509,安保Y
4510,患上喉癌
4511,田中角s
4512,污h
4513,一B串的h
4514,社h
4515,平成r代
4516,wBr代
4517,以加皇核心的政治改革
4518,645年
4519,天武天皇r期
4520,W州征
4521,149年
4522,北lr政
4523,女z
4524,善於a天
4525,人始祖
4526,物理化W
4527,化W物理W
4528,1977年
4529,北美洲
4530,山^
4531,1540年
4532,葡萄牙
4533,方各沙勿略
4534,印度
4535,朱棣
4536,建和破裂
4537,失
4538,七月初十
4539,保定
4540,徐氏
4541,873人
4542,朱棣是造反Q帝的，Υ蟪加兴猜忌
4543,9月二五∥涓
4544,朱
4545,李景隆大
4546,朱高熙
4547,潮州w育^
4548,@球\
4549,潮州市w委
4550,中四大古
4551,2001年
4552,ШＱ笮约撅L夂
4553,李青
4554,潮州
4555,人多地少
4556,5800日元
4557,5800日元
4558,1995年
4559,民族主x
4560,68|
4561,哈里l
4562,e夕法尼州
4563,世界都
4564,2006年
4565,美式橄烨
4566,石灰石
4567,F的需求量猛增
4568,皮之
4569,文团dr期
4570,瑞士近l
4571,朱雷邦德
4572,西班牙
4573,eOM攻鹦g
4574,T麟
4575,南海
4576,甘泉u
4577,中越西沙海
4578,法
4579,法
4580,白崇禧
4581,1949年第二次共鹗Ю後
4582,1950年
4583,美公路的加油站附傩〉
4584,1930年
4585,都市化程度高
4586,阿斯D公@球
4587,拉素
4588,1987年
4589,5000000美元
4590,1993年
4591,1998年
4592,乾隆十四年
4593,三
4594,祈年殿
4595,七星石
4596,巴西
4597,拉丁美洲
4598,1859年
4599,物N的演化是通^自然x竦姆绞F的
4600,住宅^
4601,二次大
4602,羲牌手筒
4603,土瓜车
4604,2012年
4605,25
4606,赫斯特
4607,岳w
4608,俊
4609,完宗弼
4610,後勤的}
4611,不能
4612,w鼎
4613,S府
4614,_陷
4615,儒家
4616,河北省
4617,5月
4618,公元前216年
4619,大d^
4620,河洛
4621,甲午
4622,消O政策
4623,RPls
4624,50年
4625,本省人
4626,1980年代
4627,1988年
4628,X主C板
4629,1996年
4630,李登x
4631,李登x
4632,多元文化主x
4633,葡萄牙Z
4634,海拔高度
4635,黑潮洋流
4636,1972年
4637,跎筋^水
4638,1684年
4639,鹇缘匚
4640,1960年代
4641,[石油危C
4642,1987年
4643,中民h
4644,日治r期
4645,21
4646,中A人民共和
4647,中A民大Ｔ盒ｓw育
4648,_翅t界盟基金
4649,2007年
4650,中A民H合作f
4651,_太l展基金
4652,1995年
4653,中秋
4654,元宵
4655,_R宇香火鼎盛
4656,清治r期
4657,~a
4658,珍珠奶茶
4659,英Z
4660,1932年
4661,ch人通婚
4662,布袋
4663,16世o
4664,葡萄牙
4665,27
4666,日本文化
4667,二
4668,反共抗俄
4669,中A
4670,雅典
4671,巧固球
4672,法
4673,繁殖
4674,公共l生}
4675,wB
4676,100|美元
4677,四川省
4678,普t菩_
4679,Z
4680,Z
4681,h朝
4682,瑞士
4683,W地利
4684,阿卑斯山}
4685,挪威
4686,1948年
4687,德
4688,德
4689,英
4690,德
4691,X控制技g
4692,家]政局
4693,1949年
4694,1995年
4695,26名
4696,1972年
4697,1972年
4698,田{西州
4699,1998年
4700,汤伯曼
4701,2006年
4702,英
4703,物理W
4704,1982年
4705,1930年
4706,力
4707,新南威士大W
4708,迪拉克
4709,科本哈根
4710,子正子的理
4711,1930年
4712,不想出名
4713,J知花店磁鲋械钠瘘c
4714,1937年
4715,婆_T教
4716,天道
4717,到_涅的境界
4718,巨大捕食毫ρb
4719,加州
4720,洋者\
4721,T桂芬
4722,穆斯林
4723,伊斯mS金r代
4724,十字|征
4725,中
4726,新柏拉D主x
4727,上科W革命
4728,1687年
4729,
4730,f金山和s
4731,毛|
4732,支持日本P于wI土的要求是中的一政策
4733,中大
4734,公元三世o
4735,班固
4736,2006年
4737,周英撤x中大之後而不了了之
4738,2005年
4739,1994年
4740,普京
4741,K
4742,哭泣
4743,18小r
4744,增加食物中毒
4745,海域
4746,美
4747,英
4748,下h院
4749,五年
4750,K格m民兵法
4751,m
4752,法m西王
4753,鄣氯A三世
4754,鹊馁F族政治c神人T影重大
4755,Γ嗔碓吹倪x民
4756,委人
4757,宋代
4758,K菲派
4759,北高加索
4760,一二八事
4761,1937年
4762,京^F路管理局
4763,1983年
4764,1984年
4765,江擅
4766,北半^
4767,1987年
4768,A|建BO院
4769,席候室
4770,避免票人tcM出站人t的πn
4771,福建籍
4772,三成
4773,香港
4774,2004年
4775,桃R地
4776,金朝集F
4777,香港
4778,香港
4779,炮台山
4780,祖籍
4781,北宋
4782,福建
4783,六七暴
4784,1950年
4785,深圳
4786,荃承率墟
4787,流有p低
4788,蔬菜
4789,九|
4790,V|
4791,1945年
4792,中新政府]收私人a
4793,匙^
4794,上h
4795,潮州人
4796,Z言相s
4797,英
4798,郭春秧
4799,香港
4800,隆基
4801,福州
4802,太平天y
4803,克道
4804,大量V州人因太平天y涌入九，而砀鄣娜丝谟忠阅行员壤^多
4805,2012年
4806,色情行I
4807,山水瘦肉粥街
4808,1980年代
4809,尖沙咀
4810,13%
4811,青教
4812,男多女少
4813,22900人
4814,1161
4815,1954年
4816,一江山u是大u的屏障
4817,_
4818,w
4819,K政府
4820,2月24日
4821,太平洋
4822,_|市
4823,_|市^最高c
4824,
4825,1945年
4826,全人民代表大
4827,全人民代表大M行ax
4828,1982年
4829,雅克考文
4830,新石器r代
4831,武昌起x倮
4832,民18年
4833,民16年
4834,民34年
4835,M建正兵F，直行向北l展，向南防R
4836,x冀豫野疖
4837,湖北省
4838,高石碑
4839,瘟
4840,南康
4841,反g
4842,腹背受
4843,功
4844,靖七年
4845,高原
4846,似盾罨鹕
4847,南O
4848,有岩石圈受到嚎s力的Y果
4849,邦理
4850,不能
4851,1871年
4852,互相制衡作用
4853,立法
4854,s翰洛克
4855,美
4856,民h
4857,1974年
4858,防止家嗔ΡE用，尤其是被Γ用於Ψε傻恼_告陷害
4859,O中山
4860,考O察
4861,2005年
4862,防部
4863,6f人
4864,中A人民共和
4865,安徽省
4866,一
4867,巴丹u
4868,美工I工程W
4869,a量得到提高
4870,aI工程
4871,工I工程
4872,南A早
4873,1913年
4874,1913年
4875,日本
4876,王向
4877,2006年
4878,中W通集F
4879,阿里不哥
4880,由阿里不哥兵⊥督
4881,易
4882,元世祖
4883,1275年
4884,UL硪u
4885,解Q政}
4886,1260年
4887,忽必烈
4888,1279年
4889,朱元璋
4890,南京
4891,福建
4892,了氐叱北元萘
4893,1388年
4894,r村
4895,宣政院
4896,1260年
4897,1238年
4898,法
4899,1316年
4900,R可波_[
4901,1217年
4902,探R赤
4903,官田
4904,河北
4905,自然暮
4906,畜牧I
4907,加金z物
4908,S道婆
4909,官I政策
4910,杭州市
4911,宋元r期
4912,元朝
4913,丘C
4914,伊斯m教
4915,色目人擅L理
4916,王羲之
4917,草
4918,景德
4919,元代
4920,南非
4921,s巴
4922,Р菰夂
4923,Р菰夂
4924,石油出口
4925,北京
4926,燕京大W
4927,重CW院
4928,美
4929,中A人民共和
4930,2005年
4931,f金山和s
4932,1970年代
4933,新加坡
4934,D型
4935,2002年
4936,1970年代
4937,老人安B，N~托架
4938,1970年代
4939,_吃住民族
4940,1947年
4941,1950年代
4942,高雄市
4943,三七事件
4944,1988年
4945,19世o
4946,U大到立法的⑴c。建立地方自治CP，h地方行政^，xeU大到印度人。印度政府1909年，通^改革法案及木m名^改革，法案o予印度人在中央及省立法院有限的嗔
4947,W斯曼伊斯m政
4948,阿姆利tK案
4949,日本
4950,後勤ao的中
4951,引入刑事司法法案
4952,白色抗
4953,2011年
4954,1960年代
4955,1980年代
4956,北海
